"Module Name","Display Name","Description","Driver Type","Start Mode","State","Status","Accept Stop","Accept Pause","Paged Pool(bytes)","Code(bytes)","BSS(bytes)","Link Date","Path","Init(bytes)"
"1394ohci","1394 OHCI Compliant Host Controller","1394 OHCI Compliant Host Controller","Kernel ","Manual","Stopped","OK","FALSE","FALSE","4.096","229.376","0","","C:\WINDOWS\system32\drivers\1394ohci.sys","4.096"
"3ware","3ware","3ware","Kernel ","Manual","Stopped","OK","FALSE","FALSE","0","81.920","0","19-5-2015 00:28:03","C:\WINDOWS\system32\drivers\3ware.sys","4.096"
"ACPI","Microsoft ACPI-stuurprogramma","Microsoft ACPI-stuurprogramma","Kernel ","Boot","Running","OK","TRUE","FALSE","184.320","466.944","0","","C:\WINDOWS\system32\drivers\ACPI.sys","24.576"
"AcpiAudioCompositorInbox","Stuurprogramma voor ACPI Audio Compositor","Stuurprogramma voor ACPI Audio Compositor","Kernel ","Manual","Stopped","OK","FALSE","FALSE","45.056","16.384","0","","C:\WINDOWS\system32\DriverStore\FileRepository\acpiaudiocompositor.inf_amd64_047f553a6f70b169\AcpiAudioCompositor.sys","4.096"
"AcpiDev","Stuurprogramma voor ACPI-apparaten","Stuurprogramma voor ACPI-apparaten","Kernel ","Manual","Stopped","OK","FALSE","FALSE","12.288","12.288","0","","C:\WINDOWS\system32\drivers\AcpiDev.sys","4.096"
"acpiex","Microsoft ACPIEx Driver","Microsoft ACPIEx Driver","Kernel ","Boot","Running","OK","TRUE","FALSE","49.152","73.728","0","","C:\WINDOWS\system32\Drivers\acpiex.sys","4.096"
"acpipagr","ACPI Processor Aggregator-stuurprogramma","ACPI Processor Aggregator-stuurprogramma","Kernel ","Manual","Running","OK","TRUE","FALSE","4.096","8.192","0","","C:\WINDOWS\system32\DriverStore\FileRepository\acpipagr.inf_amd64_d1093347a27ff89c\acpipagr.sys","4.096"
"AcpiPmi","Stuurprogramma voor ACPI-compatibele energiemeter","Stuurprogramma voor ACPI-compatibele energiemeter","Kernel ","Manual","Stopped","OK","FALSE","FALSE","8.192","8.192","0","","C:\WINDOWS\system32\DriverStore\FileRepository\acpipmi.inf_amd64_3ced06eb61dcc792\acpipmi.sys","4.096"
"acpitime","Stuurprogramma voor ACPI Wake Alarm","Stuurprogramma voor ACPI Wake Alarm","Kernel ","Manual","Running","OK","TRUE","FALSE","8.192","12.288","0","","C:\WINDOWS\system32\drivers\acpitime.sys","4.096"
"Acx01000","Acx01000","Acx01000","Kernel ","Manual","Stopped","OK","FALSE","FALSE","507.904","139.264","0","","C:\WINDOWS\system32\drivers\Acx01000.sys","4.096"
"ADP80XX","ADP80XX","ADP80XX","Kernel ","Manual","Stopped","OK","FALSE","FALSE","0","1.101.824","0","9-4-2015 22:49:48","C:\WINDOWS\system32\drivers\ADP80XX.SYS","4.096"
"AFD","Ancillary Function Driver for Winsock","Ancillary Function Driver for Winsock","Kernel ","System","Running","OK","TRUE","FALSE","12.288","491.520","0","","C:\WINDOWS\system32\drivers\afd.sys","4.096"
"afunix","afunix","afunix","Kernel ","System","Running","OK","TRUE","FALSE","28.672","12.288","0","","C:\WINDOWS\system32\drivers\afunix.sys","4.096"
"ahcache","Application Compatibility Cache","Application Compatibility Cache","Kernel ","System","Running","OK","TRUE","FALSE","208.896","36.864","0","","C:\WINDOWS\system32\DRIVERS\ahcache.sys","4.096"
"amdgpio2","AMD GPIO-clientstuurprogramma","AMD GPIO-clientstuurprogramma","Kernel ","Manual","Stopped","OK","FALSE","FALSE","4.096","12.288","0","7-2-2019 10:32:20","C:\WINDOWS\system32\drivers\amdgpio2.sys","4.096"
"amdi2c","AMD I2C-controllerservice","AMD I2C-controllerservice","Kernel ","Manual","Stopped","OK","FALSE","FALSE","4.096","36.864","0","20-3-2019 05:57:33","C:\WINDOWS\system32\drivers\amdi2c.sys","4.096"
"AmdK8","AMD K8 Processor Driver","AMD K8 Processor Driver","Kernel ","Manual","Stopped","OK","FALSE","FALSE","122.880","57.344","0","","C:\WINDOWS\system32\drivers\amdk8.sys","12.288"
"AmdPPM","Stuurprogramma voor AMD-processor","Stuurprogramma voor AMD-processor","Kernel ","Manual","Stopped","OK","FALSE","FALSE","131.072","61.440","0","","C:\WINDOWS\system32\drivers\amdppm.sys","12.288"
"amdsata","amdsata","amdsata","Kernel ","Manual","Stopped","OK","FALSE","FALSE","0","61.440","0","14-5-2015 14:14:52","C:\WINDOWS\system32\drivers\amdsata.sys","4.096"
"amdsbs","amdsbs","amdsbs","Kernel ","Manual","Stopped","OK","FALSE","FALSE","0","229.376","0","11-12-2012 22:21:44","C:\WINDOWS\system32\drivers\amdsbs.sys","4.096"
"amdwps","Stuurprogramma van profileringsplanning voor AMD-workloads","Stuurprogramma van profileringsplanning voor AMD-workloads","Kernel ","Boot","Running","OK","TRUE","FALSE","8.192","12.288","0","","C:\WINDOWS\system32\drivers\amdwps.sys","4.096"
"amdxata","amdxata","amdxata","Kernel ","Manual","Stopped","OK","FALSE","FALSE","8.192","4.096","0","1-5-2015 02:55:35","C:\WINDOWS\system32\drivers\amdxata.sys","4.096"
"AppID","AppID Driver","AppID Driver","Kernel ","Manual","Stopped","OK","FALSE","FALSE","102.400","32.768","0","","C:\WINDOWS\system32\drivers\appid.sys","8.192"
"AppleSSD","Apple Solid State Drive-apparaat","Apple Solid State Drive-apparaat","Kernel ","Manual","Stopped","OK","FALSE","FALSE","0","86.016","0","11-11-2019 22:24:17","C:\WINDOWS\system32\drivers\AppleSSD.sys","4.096"
"applockerfltr","Smartlocker Filter Driver","Smartlocker Filter Driver","Kernel ","Manual","Stopped","OK","FALSE","FALSE","8.192","12.288","0","","C:\WINDOWS\system32\drivers\applockerfltr.sys","4.096"
"AppvStrm","AppvStrm","AppvStrm","File System ","Manual","Stopped","OK","FALSE","FALSE","4.096","94.208","0","","C:\WINDOWS\system32\drivers\AppvStrm.sys","4.096"
"AppvVemgr","AppvVemgr","AppvVemgr","File System ","Manual","Stopped","OK","FALSE","FALSE","8.192","118.784","0","","C:\WINDOWS\system32\drivers\AppvVemgr.sys","4.096"
"AppvVfs","AppvVfs","AppvVfs","File System ","Manual","Stopped","OK","FALSE","FALSE","12.288","90.112","0","","C:\WINDOWS\system32\drivers\AppvVfs.sys","4.096"
"arcsas","Adaptec SAS/SATA-II RAID Storport's Miniport Driver","Adaptec SAS/SATA-II RAID Storport's Miniport Driver","Kernel ","Manual","Stopped","OK","FALSE","FALSE","0","110.592","0","9-4-2015 21:12:07","C:\WINDOWS\system32\drivers\arcsas.sys","4.096"
"Asusgio3","Asusgio3","Asusgio3","Kernel ","System","Running","OK","TRUE","FALSE","8.192","28.672","0","8-4-2026 03:36:03","\??\C:\WINDOWS\system32\drivers\AsIO3.sys","4.096"
"AsyncMac","RAS Asynchronous Media Driver","RAS Asynchronous Media Driver","Kernel ","Manual","Stopped","OK","FALSE","FALSE","0","24.576","0","","C:\WINDOWS\system32\drivers\asyncmac.sys","4.096"
"atapi","IDE-kanaal","IDE-kanaal","Kernel ","Manual","Stopped","OK","FALSE","FALSE","0","20.480","0","","C:\WINDOWS\system32\drivers\atapi.sys","4.096"
"b06bdrv","QLogic-netwerkadapter VBD","QLogic-netwerkadapter VBD","Kernel ","Manual","Stopped","OK","FALSE","FALSE","0","221.184","0","25-5-2016 09:03:08","C:\WINDOWS\system32\drivers\bxvbda.sys","4.096"
"bam","Background Activity Moderator Driver","Background Activity Moderator Driver","Kernel ","System","Running","OK","TRUE","FALSE","49.152","16.384","0","","C:\WINDOWS\system32\drivers\bam.sys","4.096"
"BasicDisplay","BasicDisplay","BasicDisplay","Kernel ","System","Running","OK","TRUE","FALSE","45.056","16.384","0","","C:\WINDOWS\system32\DriverStore\FileRepository\basicdisplay.inf_amd64_9f34636ebdd89def\BasicDisplay.sys","4.096"
"BasicRender","BasicRender","BasicRender","Kernel ","System","Running","OK","TRUE","FALSE","4.096","32.768","0","","C:\WINDOWS\system32\DriverStore\FileRepository\basicrender.inf_amd64_398debb686d62c0f\BasicRender.sys","4.096"
"bcmfn2","bcmfn2 Service","bcmfn2 Service","Kernel ","Manual","Stopped","OK","FALSE","FALSE","4.096","4.096","0","1-11-2016 03:09:15","C:\WINDOWS\system32\drivers\bcmfn2.sys","4.096"
"Beep","Beep","Beep","Kernel ","System","Running","OK","TRUE","FALSE","0","4.096","0","","C:\WINDOWS\system32\drivers\Beep.sys","4.096"
"bfs","Brokering-bestandssysteem","Brokering-bestandssysteem","File System ","Auto","Running","OK","TRUE","FALSE","4.096","94.208","0","","C:\WINDOWS\system32\drivers\bfs.sys","4.096"
"bindflt","Windows Bind Filter Driver","Windows Bind Filter Driver","File System ","Auto","Running","OK","TRUE","FALSE","98.304","32.768","0","","C:\WINDOWS\system32\drivers\bindflt.sys","4.096"
"bowser","Browser","Browser","File System ","Manual","Running","OK","TRUE","FALSE","77.824","32.768","0","","C:\WINDOWS\system32\DRIVERS\bowser.sys","4.096"
"BthA2dp","Microsoft Bluetooth A2dp driver","Microsoft Bluetooth A2dp driver","Kernel ","Manual","Stopped","OK","FALSE","FALSE","81.920","356.352","0","","C:\WINDOWS\system32\drivers\BthA2dp.sys","4.096"
"BthEnum","Bluetooth Enumerator-service","Bluetooth Enumerator-service","Kernel ","Manual","Stopped","OK","FALSE","FALSE","32.768","36.864","0","","C:\WINDOWS\system32\drivers\BthEnum.sys","4.096"
"BthHFEnum","Stuurprogramma voor Microsoft Bluetooth handsfree profiel","Stuurprogramma voor Microsoft Bluetooth handsfree profiel","Kernel ","Manual","Stopped","OK","FALSE","FALSE","32.768","106.496","0","","C:\WINDOWS\system32\drivers\bthhfenum.sys","4.096"
"BthLEEnum","Bluetooth Low Energy-stuurprogramma","Bluetooth Low Energy-stuurprogramma","Kernel ","Manual","Stopped","OK","FALSE","FALSE","65.536","36.864","0","","C:\WINDOWS\system32\drivers\Microsoft.Bluetooth.Legacy.LEEnumerator.sys","4.096"
"BthMini","Bluetooth-radiostuurprogramma","Bluetooth-radiostuurprogramma","Kernel ","Manual","Stopped","OK","FALSE","FALSE","12.288","24.576","0","","C:\WINDOWS\system32\drivers\BTHMINI.sys","4.096"
"BTHMODEM","Stuurprogramma voor modemcommunicatie via Bluetooth","Stuurprogramma voor modemcommunicatie via Bluetooth","Kernel ","Manual","Stopped","OK","FALSE","FALSE","12.288","57.344","0","","C:\WINDOWS\system32\drivers\bthmodem.sys","4.096"
"BTHPORT","Stuurprogramma voor Bluetooth-poort","Stuurprogramma voor Bluetooth-poort","Kernel ","Manual","Stopped","OK","FALSE","FALSE","393.216","1.486.848","0","","C:\WINDOWS\system32\drivers\BTHport.sys","8.192"
"BTHUSB","USB-stuurprogramma voor Bluetooth-radio","USB-stuurprogramma voor Bluetooth-radio","Kernel ","Manual","Stopped","OK","FALSE","FALSE","24.576","61.440","0","","C:\WINDOWS\system32\drivers\BTHUSB.sys","4.096"
"bttflt","VHDPMEM BTT-filter voor Microsoft Hyper-V","VHDPMEM BTT-filter voor Microsoft Hyper-V","Kernel ","Manual","Stopped","OK","FALSE","FALSE","8.192","20.480","0","","C:\WINDOWS\system32\drivers\bttflt.sys","4.096"
"buttonconverter","Service voor Portable Device Control-apparaten","Service voor Portable Device Control-apparaten","Kernel ","Manual","Stopped","OK","FALSE","FALSE","12.288","36.864","0","","C:\WINDOWS\system32\drivers\buttonconverter.sys","4.096"
"CAD","Charge Arbitration Driver","Charge Arbitration Driver","Kernel ","Manual","Stopped","OK","FALSE","FALSE","32.768","12.288","0","","C:\WINDOWS\system32\drivers\CAD.sys","4.096"
"CDD","Canonical-beeldschermstuurprogramma","Canonical-beeldschermstuurprogramma","Kernel ","Manual","Running","OK","TRUE","FALSE","12.288","241.664","0","","C:\WINDOWS\system32\cdd.dll","4.096"
"cdfs","CD/DVD File System Reader","CD/DVD File System Reader","File System ","Disabled","Stopped","OK","FALSE","FALSE","69.632","16.384","0","","C:\WINDOWS\system32\DRIVERS\cdfs.sys","4.096"
"cdrom","Cd-rom-stuurprogramma","Cd-rom-stuurprogramma","Kernel ","System","Running","OK","TRUE","FALSE","81.920","77.824","0","","C:\WINDOWS\system32\drivers\cdrom.sys","4.096"
"cht4iscsi","cht4iscsi","cht4iscsi","Kernel ","Manual","Stopped","OK","FALSE","FALSE","4.096","278.528","0","5-2-2019 14:51:31","C:\WINDOWS\system32\drivers\cht4sx64.sys","4.096"
"cht4vbd","Chelsio virtuele-busstuurprogramma","Chelsio virtuele-busstuurprogramma","Kernel ","Manual","Stopped","OK","FALSE","FALSE","1.433.600","208.896","0","5-2-2019 14:47:51","C:\WINDOWS\system32\drivers\cht4vx64.sys","4.096"
"CimFS","CimFS","CimFS","File System ","System","Running","OK","TRUE","FALSE","12.288","180.224","0","","C:\WINDOWS\system32\drivers\CimFS.sys","4.096"
"circlass","Consumer IR Devices","Consumer IR Devices","Kernel ","Manual","Stopped","OK","FALSE","FALSE","4.096","45.056","0","","C:\WINDOWS\system32\drivers\circlass.sys","4.096"
"CldFlt","Windows Cloud Files Filter Driver","Windows Cloud Files Filter Driver","File System ","Auto","Running","OK","TRUE","FALSE","352.256","126.976","0","","C:\WINDOWS\system32\drivers\cldflt.sys","8.192"
"CLFS","Common Log (CLFS)","Common Log (CLFS)","Kernel ","Boot","Running","OK","TRUE","FALSE","327.680","110.592","0","","C:\WINDOWS\system32\drivers\CLFS.sys","4.096"
"CmBatt","Stuurprogramma voor Microsoft ACPI-besturingsmethodebatterij","Stuurprogramma voor Microsoft ACPI-besturingsmethodebatterij","Kernel ","Manual","Stopped","OK","FALSE","FALSE","36.864","16.384","0","","C:\WINDOWS\system32\drivers\CmBatt.sys","4.096"
"CNG","CNG","CNG","Kernel ","Boot","Running","OK","TRUE","FALSE","0","704.512","0","","C:\WINDOWS\system32\Drivers\cng.sys","4.096"
"cnghwassist","CNG Hardware Assist algorithm provider","CNG Hardware Assist algorithm provider","Kernel ","Disabled","Stopped","OK","FALSE","FALSE","8.192","20.480","0","","C:\WINDOWS\system32\DRIVERS\cnghwassist.sys","4.096"
"CompositeBus","Stuurprogramma voor Composite Bus Enumerator","Stuurprogramma voor Composite Bus Enumerator","Kernel ","Manual","Running","OK","TRUE","FALSE","24.576","16.384","0","","C:\WINDOWS\system32\DriverStore\FileRepository\compositebus.inf_amd64_8cf6fa9d3afdfa25\CompositeBus.sys","4.096"
"condrv","Console Driver","Console Driver","Kernel ","Manual","Running","OK","TRUE","FALSE","32.768","8.192","0","","C:\WINDOWS\system32\drivers\condrv.sys","4.096"
"cpuz161","cpuz161","cpuz161","Kernel ","Manual","Stopped","OK","FALSE","FALSE","0","28.672","0","1-10-2025 09:20:13","\??\C:\ProgramData\CPUID Software\sdk\bftKwVszIImGzr","4.096"
"cpuz162","cpuz162","cpuz162","Kernel ","Manual","Stopped","OK","FALSE","FALSE","0","24.576","0","11-11-2025 10:04:35","\??\C:\ProgramData\CPUID Software\sdk\01Chn0Ay0aTHk","4.096"
"CSC","Offline Files Driver","Offline Files Driver","Kernel ","System","Running","OK","TRUE","FALSE","307.200","204.800","0","","C:\WINDOWS\system32\drivers\csc.sys","8.192"
"dam","Desktop Activity Moderator Driver","Desktop Activity Moderator Driver","Kernel ","System","Stopped","OK","FALSE","FALSE","36.864","20.480","0","","C:\WINDOWS\system32\drivers\dam.sys","8.192"
"devmap","Usermode Device Mapper-service","Usermode Device Mapper-service","Kernel ","Manual","Stopped","OK","FALSE","FALSE","4.096","16.384","0","","C:\WINDOWS\system32\DriverStore\FileRepository\devmap.inf_amd64_880513e6f03c45ef\devmap.sys","4.096"
"Dfsc","DFS Namespace Client Driver","DFS Namespace Client Driver","File System ","System","Running","OK","TRUE","FALSE","106.496","28.672","0","","C:\WINDOWS\system32\Drivers\dfsc.sys","4.096"
"dg_ssudbus","SAMSUNG Mobile USB Composite Device Driver (DEVGURU Ver.)","SAMSUNG Mobile USB Composite Device Driver (DEVGURU Ver.)","Kernel ","Manual","Stopped","OK","FALSE","FALSE","0","131.072","0","23-9-2024 10:31:56","C:\WINDOWS\system32\DRIVERS\ssudbus2.sys","4.096"
"disk","Stuurprogramma voor schijfstations","Stuurprogramma voor schijfstations","Kernel ","Boot","Running","OK","TRUE","FALSE","40.960","32.768","0","","C:\WINDOWS\system32\drivers\disk.sys","4.096"
"DisplayMux","Microsoft DisplayMux","Microsoft DisplayMux","Kernel ","Manual","Stopped","OK","FALSE","FALSE","4.096","16.384","0","","C:\WINDOWS\system32\DriverStore\FileRepository\displaymux.inf_amd64_da65a70f0c3ce0f3\DisplayMux.sys","4.096"
"dmvsc","dmvsc","dmvsc","Kernel ","Manual","Stopped","OK","FALSE","FALSE","8.192","32.768","0","","C:\WINDOWS\system32\drivers\dmvsc.sys","4.096"
"drmkaud","Vertrouwde Microsoft-audiostuurprogramma's","Vertrouwde Microsoft-audiostuurprogramma's","Kernel ","Manual","Stopped","OK","FALSE","FALSE","0","4.096","0","","C:\WINDOWS\system32\drivers\drmkaud.sys","4.096"
"DXGKrnl","LDDM Graphics Subsystem","LDDM Graphics Subsystem","Kernel ","Boot","Running","OK","TRUE","FALSE","2.822.144","667.648","0","","C:\WINDOWS\system32\drivers\dxgkrnl.sys","8.192"
"ebdrv","QLogic 10 Gigabit Ethernet-adapter VBD","QLogic 10 Gigabit Ethernet-adapter VBD","Kernel ","Manual","Stopped","OK","FALSE","FALSE","4.096","1.175.552","0","15-11-2020 11:12:10","C:\WINDOWS\system32\drivers\evbda.sys","4.096"
"ebdrv0","QLogic Legacy Ethernet-adapter VBD","QLogic Legacy Ethernet-adapter VBD","Kernel ","Manual","Stopped","OK","FALSE","FALSE","4.096","1.163.264","0","7-11-2020 11:07:41","C:\WINDOWS\system32\drivers\evbd0a.sys","4.096"
"EhStorClass","Enhanced Storage Filter Driver","Enhanced Storage Filter Driver","Kernel ","Boot","Running","OK","TRUE","FALSE","24.576","73.728","0","","C:\WINDOWS\system32\drivers\EhStorClass.sys","4.096"
"EhStorTcgDrv","Microsoft-stuurprogramma voor opslagapparaten met ondersteuning voor IEEE 1667- en TCG-protocollen","Microsoft-stuurprogramma voor opslagapparaten met ondersteuning voor IEEE 1667- en TCG-protocollen","Kernel ","Manual","Stopped","OK","FALSE","FALSE","8.192","81.920","0","","C:\WINDOWS\system32\drivers\EhStorTcgDrv.sys","4.096"
"ErrDev","Microsoft Hardware Error Device Driver","Microsoft Hardware Error Device Driver","Kernel ","Manual","Stopped","OK","FALSE","FALSE","4.096","12.288","0","","C:\WINDOWS\system32\drivers\errdev.sys","4.096"
"ExecutionContext","CPU Scheduler for High Performance I/O","CPU Scheduler for High Performance I/O","Kernel ","Manual","Running","OK","TRUE","FALSE","20.480","49.152","0","","C:\WINDOWS\system32\Drivers\ExecutionContext.sys","4.096"
"exfat","exFAT File System Driver","exFAT File System Driver","File System ","Manual","Stopped","OK","FALSE","FALSE","233.472","90.112","0","","C:\WINDOWS\system32\drivers\exfat.sys","4.096"
"fastfat","FAT12/16/32 File System Driver","FAT12/16/32 File System Driver","File System ","Manual","Running","OK","TRUE","FALSE","266.240","61.440","0","","C:\WINDOWS\system32\drivers\fastfat.sys","4.096"
"fdc","Stuurprogramma voor diskettestationcontroller","Stuurprogramma voor diskettestationcontroller","Kernel ","Manual","Stopped","OK","FALSE","FALSE","4.096","28.672","0","","C:\WINDOWS\system32\drivers\fdc.sys","4.096"
"FileCrypt","FileCrypt","FileCrypt","File System ","System","Running","OK","TRUE","FALSE","28.672","20.480","0","","C:\WINDOWS\system32\drivers\filecrypt.sys","4.096"
"FileInfo","File Information FS MiniFilter","File Information FS MiniFilter","File System ","Boot","Running","OK","TRUE","FALSE","49.152","20.480","0","","C:\WINDOWS\system32\drivers\fileinfo.sys","4.096"
"Filetrace","Filetrace","Filetrace","File System ","Manual","Stopped","OK","FALSE","FALSE","12.288","20.480","0","","C:\WINDOWS\system32\drivers\filetrace.sys","4.096"
"flpydisk","Stuurprogramma voor diskettestation","Stuurprogramma voor diskettestation","Kernel ","Manual","Stopped","OK","FALSE","FALSE","16.384","12.288","0","","C:\WINDOWS\system32\drivers\flpydisk.sys","4.096"
"FltMgr","FltMgr","FltMgr","File System ","Boot","Running","OK","TRUE","FALSE","237.568","159.744","0","","C:\WINDOWS\system32\drivers\fltmgr.sys","8.192"
"FsDepends","File System Dependency Minifilter","File System Dependency Minifilter","File System ","Manual","Stopped","OK","FALSE","FALSE","40.960","12.288","0","","C:\WINDOWS\system32\drivers\FsDepends.sys","4.096"
"fvevol","BitLocker Drive Encryption Filter Driver","BitLocker Drive Encryption Filter Driver","Kernel ","Boot","Running","OK","TRUE","FALSE","581.632","172.032","0","","C:\WINDOWS\system32\DRIVERS\fvevol.sys","12.288"
"gencounter","Microsoft Hyper-V-generatieteller","Microsoft Hyper-V-generatieteller","Kernel ","Manual","Stopped","OK","FALSE","FALSE","4.096","8.192","0","","C:\WINDOWS\system32\drivers\vmgencounter.sys","4.096"
"genericusbfn","Algemene USB-functieklasse","Algemene USB-functieklasse","Kernel ","Manual","Stopped","OK","FALSE","FALSE","4.096","16.384","0","","C:\WINDOWS\system32\DriverStore\FileRepository\genericusbfn.inf_amd64_71c810ddc0116541\genericusbfn.sys","4.096"
"GenPass","Microsoft GenPass Driver","Microsoft GenPass Driver","Kernel ","Manual","Stopped","OK","FALSE","FALSE","4.096","12.288","0","","C:\WINDOWS\system32\DriverStore\FileRepository\genpass.inf_amd64_0c82d80c9252c9bd\genpass.sys","4.096"
"GPIOClx0101","Microsoft GPIO Class Extension Driver","Microsoft GPIO Class Extension Driver","Kernel ","Manual","Running","OK","TRUE","FALSE","49.152","102.400","0","","C:\WINDOWS\system32\Drivers\msgpioclx.sys","4.096"
"HdAudAddService","Microsoft 1.1 UAA Functiestuurprogramma voor High Definition Audio-service","Microsoft 1.1 UAA Functiestuurprogramma voor High Definition Audio-service","Kernel ","Manual","Stopped","OK","FALSE","FALSE","385.024","45.056","0","","C:\WINDOWS\system32\drivers\HdAudio.sys","4.096"
"HDAudBus","Microsoft UAA Bus-stuurprogramma voor High Definition Audio","Microsoft UAA Bus-stuurprogramma voor High Definition Audio","Kernel ","Manual","Running","OK","TRUE","FALSE","49.152","102.400","0","","C:\WINDOWS\system32\drivers\HDAudBus.sys","4.096"
"HidBatt","Stuurprogramma voor HID UPS-batterij","Stuurprogramma voor HID UPS-batterij","Kernel ","Manual","Stopped","OK","FALSE","FALSE","0","28.672","0","","C:\WINDOWS\system32\drivers\HidBatt.sys","4.096"
"HidBth","Microsoft Bluetooth HID-minipoort","Microsoft Bluetooth HID-minipoort","Kernel ","Manual","Stopped","OK","FALSE","FALSE","16.384","57.344","0","","C:\WINDOWS\system32\drivers\hidbth.sys","4.096"
"hidi2c","Microsoft I2C HID Miniport-stuurprogramma","Microsoft I2C HID Miniport-stuurprogramma","Kernel ","Manual","Stopped","OK","FALSE","FALSE","12.288","61.440","0","","C:\WINDOWS\system32\drivers\hidi2c.sys","4.096"
"hidinterrupt","Algemeen stuurprogramma voor HID-knoppen waarvoor interrupts zijn geïmplementeerd","Algemeen stuurprogramma voor HID-knoppen waarvoor interrupts zijn geïmplementeerd","Kernel ","Manual","Stopped","OK","FALSE","FALSE","16.384","24.576","0","","C:\WINDOWS\system32\drivers\hidinterrupt.sys","4.096"
"HidIr","Stuurprogramma voor Microsoft infrarood HID","Stuurprogramma voor Microsoft infrarood HID","Kernel ","Manual","Stopped","OK","FALSE","FALSE","16.384","28.672","0","","C:\WINDOWS\system32\drivers\hidir.sys","4.096"
"hidspi","Microsoft SPI HID-minipoortstuurprogramma","Microsoft SPI HID-minipoortstuurprogramma","Kernel ","Manual","Stopped","OK","FALSE","FALSE","4.096","90.112","0","","C:\WINDOWS\system32\drivers\hidspi.sys","4.096"
"HidSpiCx","HidSpi KMDF Class Extension","HidSpi KMDF Class Extension","Kernel ","Manual","Stopped","OK","FALSE","FALSE","4.096","81.920","0","","C:\WINDOWS\system32\drivers\HidSpiCx.sys","4.096"
"HidUsb","Microsoft HID Class-stuurprogramma","Microsoft HID Class-stuurprogramma","Kernel ","Manual","Running","OK","TRUE","FALSE","8.192","32.768","0","","C:\WINDOWS\system32\drivers\hidusb.sys","4.096"
"HpSAMD","HpSAMD","HpSAMD","Kernel ","Manual","Stopped","OK","FALSE","FALSE","0","45.056","0","26-3-2013 22:36:54","C:\WINDOWS\system32\drivers\HpSAMD.sys","4.096"
"Hsp","Microsoft Pluton Service","Microsoft Pluton Service","Kernel ","Manual","Stopped","OK","FALSE","FALSE","8.192","49.152","0","","C:\WINDOWS\system32\drivers\Hsp.sys","4.096"
"HTTP","HTTP Service","HTTP Service","Kernel ","Manual","Running","OK","TRUE","FALSE","122.880","1.572.864","0","","C:\WINDOWS\system32\drivers\HTTP.sys","4.096"
"hvcrash","hvcrash","hvcrash","Kernel ","Disabled","Stopped","OK","FALSE","FALSE","8.192","16.384","0","","C:\WINDOWS\system32\drivers\hvcrash.sys","4.096"
"hvservice","Besturingssysteem Microsoft Hypervisor-service","Besturingssysteem Microsoft Hypervisor-service","Kernel ","Manual","Stopped","OK","FALSE","FALSE","24.576","16.384","0","","C:\WINDOWS\system32\drivers\hvservice.sys","4.096"
"HwNClx0101","Microsoft Hardware Notifications Class Extension Driver","Microsoft Hardware Notifications Class Extension Driver","Kernel ","Manual","Stopped","OK","FALSE","FALSE","12.288","12.288","0","","C:\WINDOWS\system32\Drivers\mshwnclx.sys","4.096"
"hwpolicy","Hardware Policy Driver","Hardware Policy Driver","Kernel ","Boot","Stopped","OK","FALSE","FALSE","4.096","4.096","0","","C:\WINDOWS\system32\drivers\hwpolicy.sys","4.096"
"hyperkbd","hyperkbd","hyperkbd","Kernel ","Manual","Stopped","OK","FALSE","FALSE","4.096","12.288","0","","C:\WINDOWS\system32\drivers\hyperkbd.sys","4.096"
"HyperVideo","HyperVideo","HyperVideo","Kernel ","Manual","Stopped","OK","FALSE","FALSE","20.480","12.288","0","","C:\WINDOWS\system32\drivers\HyperVideo.sys","4.096"
"I3CHost","I3C-hostcontrollerservice","I3C-hostcontrollerservice","Kernel ","Manual","Stopped","OK","FALSE","FALSE","106.496","229.376","0","","C:\WINDOWS\system32\DriverStore\FileRepository\i3chost.inf_amd64_c392a79f9867ca26\i3chost.sys","4.096"
"i8042prt","Stuurprogramma voor i8042-toetsenbord en PS/2-muispoort","Stuurprogramma voor i8042-toetsenbord en PS/2-muispoort","Kernel ","Manual","Stopped","OK","FALSE","FALSE","40.960","57.344","0","","C:\WINDOWS\system32\drivers\i8042prt.sys","4.096"
"iagpio","Stuurprogramma van Intel Serial IO GPIO-controller","Stuurprogramma van Intel Serial IO GPIO-controller","Kernel ","Manual","Stopped","OK","FALSE","FALSE","4.096","24.576","0","23-7-2018 11:04:46","C:\WINDOWS\system32\drivers\iagpio.sys","4.096"
"iai2c","Intel(R) Serial IO I2C-hostcontroller","Intel(R) Serial IO I2C-hostcontroller","Kernel ","Manual","Stopped","OK","FALSE","FALSE","4.096","77.824","0","23-7-2018 11:04:39","C:\WINDOWS\system32\drivers\iai2c.sys","4.096"
"iaLPSS2i_GPIO2","Stuurprogramma v2 voor Intel(R) Serial IO GPIO","Stuurprogramma v2 voor Intel(R) Serial IO GPIO","Kernel ","Manual","Running","OK","TRUE","FALSE","4.096","45.056","0","19-4-2018 09:53:24","C:\WINDOWS\system32\drivers\iaLPSS2i_GPIO2.sys","4.096"
"iaLPSS2i_GPIO2_BXT_P","Stuurprogramma v2 voor Intel(R) Serial IO GPIO","Stuurprogramma v2 voor Intel(R) Serial IO GPIO","Kernel ","Manual","Stopped","OK","FALSE","FALSE","4.096","57.344","0","17-4-2018 11:25:15","C:\WINDOWS\system32\drivers\iaLPSS2i_GPIO2_BXT_P.sys","4.096"
"iaLPSS2i_GPIO2_CNL","Stuurprogramma v2 voor Intel(R) Serial IO GPIO","Stuurprogramma v2 voor Intel(R) Serial IO GPIO","Kernel ","Manual","Stopped","OK","FALSE","FALSE","4.096","73.728","0","17-4-2018 09:07:03","C:\WINDOWS\system32\drivers\iaLPSS2i_GPIO2_CNL.sys","4.096"
"iaLPSS2i_GPIO2_GLK","Stuurprogramma v2 voor Intel(R) Serial IO GPIO","Stuurprogramma v2 voor Intel(R) Serial IO GPIO","Kernel ","Manual","Stopped","OK","FALSE","FALSE","4.096","57.344","0","16-5-2018 07:46:36","C:\WINDOWS\system32\drivers\iaLPSS2i_GPIO2_GLK.sys","4.096"
"iaLPSS2i_I2C","Intel(R) Serial IO I2C-stuurprogramma v2","Intel(R) Serial IO I2C-stuurprogramma v2","Kernel ","Manual","Stopped","OK","FALSE","FALSE","4.096","118.784","0","19-4-2018 09:52:58","C:\WINDOWS\system32\drivers\iaLPSS2i_I2C.sys","4.096"
"iaLPSS2i_I2C_BXT_P","Intel(R) Serial IO I2C-stuurprogramma v2","Intel(R) Serial IO I2C-stuurprogramma v2","Kernel ","Manual","Stopped","OK","FALSE","FALSE","4.096","122.880","0","17-4-2018 11:24:40","C:\WINDOWS\system32\drivers\iaLPSS2i_I2C_BXT_P.sys","4.096"
"iaLPSS2i_I2C_CNL","Intel(R) Serial IO I2C-stuurprogramma v2","Intel(R) Serial IO I2C-stuurprogramma v2","Kernel ","Manual","Stopped","OK","FALSE","FALSE","4.096","126.976","0","15-7-2019 07:12:12","C:\WINDOWS\system32\drivers\iaLPSS2i_I2C_CNL.sys","4.096"
"iaLPSS2i_I2C_GLK","Intel(R) Serial IO I2C-stuurprogramma v2","Intel(R) Serial IO I2C-stuurprogramma v2","Kernel ","Manual","Stopped","OK","FALSE","FALSE","4.096","126.976","0","16-5-2018 07:46:02","C:\WINDOWS\system32\drivers\iaLPSS2i_I2C_GLK.sys","4.096"
"iaLPSSi_GPIO","Stuurprogramma van Intel(R) Serial IO GPIO-controller","Stuurprogramma van Intel(R) Serial IO GPIO-controller","Kernel ","Manual","Stopped","OK","FALSE","FALSE","4.096","12.288","0","2-2-2015 10:00:09","C:\WINDOWS\system32\drivers\iaLPSSi_GPIO.sys","4.096"
"iaLPSSi_I2C","Stuurprogramma voor Intel(R) Serial IO I2C-controller","Stuurprogramma voor Intel(R) Serial IO I2C-controller","Kernel ","Manual","Stopped","OK","FALSE","FALSE","4.096","90.112","0","24-2-2015 16:52:07","C:\WINDOWS\system32\drivers\iaLPSSi_I2C.sys","4.096"
"iaStorAVC","Intel Chipset SATA RAID-controller","Intel Chipset SATA RAID-controller","Kernel ","Manual","Stopped","OK","FALSE","FALSE","4.096","786.432","0","5-9-2019 14:07:32","C:\WINDOWS\system32\drivers\iaStorAVC.sys","4.096"
"iaStorV","Intel RAID Controller Windows 7","Intel RAID Controller Windows 7","Kernel ","Manual","Stopped","OK","FALSE","FALSE","0","364.544","0","11-4-2011 20:48:16","C:\WINDOWS\system32\drivers\iaStorV.sys","8.192"
"ibbus","Mellanox InfiniBand Bus/AL (filterstuurprogramma)","Mellanox InfiniBand Bus/AL (filterstuurprogramma)","Kernel ","Manual","Stopped","OK","FALSE","FALSE","8.192","499.712","0","19-6-2019 15:20:09","C:\WINDOWS\system32\drivers\ibbus.sys","8.192"
"IndirectKmd","Indirecte weergave kernelmodusstuurprogramma","Indirecte weergave kernelmodusstuurprogramma","Kernel ","Manual","Stopped","OK","FALSE","FALSE","32.768","20.480","0","","C:\WINDOWS\system32\drivers\IndirectKmd.sys","4.096"
"IntcAzAudAddService","Service for Realtek HD Audio (WDM)","Service for Realtek HD Audio (WDM)","Kernel ","Manual","Running","OK","TRUE","FALSE","4.038.656","1.134.592","0","22-10-2020 12:13:20","C:\WINDOWS\system32\drivers\RTKVHD64.sys","8.192"
"intelide","intelide","intelide","Kernel ","Manual","Stopped","OK","FALSE","FALSE","0","12.288","0","","C:\WINDOWS\system32\drivers\intelide.sys","4.096"
"intelpep","Stuurprogramma voor Intel(R) Power Engine-invoegtoepassing ","Stuurprogramma voor Intel(R) Power Engine-invoegtoepassing ","Kernel ","Boot","Running","OK","TRUE","FALSE","49.152","81.920","0","","C:\WINDOWS\system32\drivers\intelpep.sys","4.096"
"intelpmax","Intel (R) stuurprogramma voor energiebeheer tijdens piekuren voor dynamische apparaten","Intel (R) stuurprogramma voor energiebeheer tijdens piekuren voor dynamische apparaten","Kernel ","Manual","Stopped","OK","FALSE","FALSE","12.288","16.384","0","","C:\WINDOWS\system32\drivers\intelpmax.sys","4.096"
"IntelPMT","Service voor Intel(R) Platform Monitoring Technology","Service voor Intel(R) Platform Monitoring Technology","Kernel ","Boot","Running","OK","TRUE","FALSE","16.384","16.384","0","","C:\WINDOWS\system32\drivers\IntelPMT.sys","4.096"
"intelppm","Intel Processor Driver","Intel Processor Driver","Kernel ","Manual","Running","OK","TRUE","FALSE","139.264","69.632","0","","C:\WINDOWS\system32\drivers\intelppm.sys","12.288"
"iorate","Filterstuurprogramma voor schijf-I/O-snelheid","Filterstuurprogramma voor schijf-I/O-snelheid","Kernel ","Boot","Running","OK","TRUE","FALSE","4.096","36.864","0","","C:\WINDOWS\system32\drivers\iorate.sys","4.096"
"IpFilterDriver","IP Traffic Filter Driver","IP Traffic Filter Driver","Kernel ","Manual","Stopped","OK","FALSE","FALSE","8.192","65.536","0","","C:\WINDOWS\system32\DRIVERS\ipfltdrv.sys","4.096"
"IPMIDRV","IPMIDRV","IPMIDRV","Kernel ","Manual","Stopped","OK","FALSE","FALSE","32.768","57.344","0","","C:\WINDOWS\system32\drivers\IPMIDrv.sys","4.096"
"IPNAT","IP Network Address Translator","IP Network Address Translator","Kernel ","Manual","Stopped","OK","FALSE","FALSE","12.288","188.416","0","","C:\WINDOWS\system32\drivers\ipnat.sys","4.096"
"IPT","IPT","IPT","Kernel ","Manual","Stopped","OK","FALSE","FALSE","32.768","12.288","0","","C:\WINDOWS\system32\drivers\ipt.sys","4.096"
"isapnp","isapnp","isapnp","Kernel ","Manual","Stopped","OK","FALSE","FALSE","4.096","8.192","0","","C:\WINDOWS\system32\drivers\isapnp.sys","4.096"
"iScsiPrt","iScsiPort-stuurprogramma","iScsiPort-stuurprogramma","Kernel ","Manual","Stopped","OK","FALSE","FALSE","53.248","200.704","0","","C:\WINDOWS\system32\drivers\msiscsi.sys","4.096"
"ItSas35i","ItSas35i","ItSas35i","Kernel ","Manual","Stopped","OK","FALSE","FALSE","0","159.744","0","1-3-2021 11:15:20","C:\WINDOWS\system32\drivers\ItSas35i.sys","4.096"
"kbdclass","Stuurprogramma voor verschillende toetsenbordtypen","Stuurprogramma voor verschillende toetsenbordtypen","Kernel ","Manual","Running","OK","TRUE","FALSE","12.288","32.768","0","","C:\WINDOWS\system32\drivers\kbdclass.sys","4.096"
"kbdhid","Stuurprogramma voor toetsenbord-HID","Stuurprogramma voor toetsenbord-HID","Kernel ","Manual","Running","OK","TRUE","FALSE","8.192","32.768","0","","C:\WINDOWS\system32\drivers\kbdhid.sys","4.096"
"kbldfltr","kbldfltr","kbldfltr","Kernel ","Manual","Stopped","OK","FALSE","FALSE","4.096","12.288","0","","C:\WINDOWS\system32\drivers\kbldfltr.sys","4.096"
"kdnic","Microsoft-netwerkminipoort voor kernelfoutopsporing","Microsoft-netwerkminipoort voor kernelfoutopsporing","Kernel ","Manual","Running","OK","TRUE","FALSE","8.192","20.480","0","","C:\WINDOWS\system32\drivers\kdnic.sys","4.096"
"kdnic_legacy","Microsoft-netwerkminipoort voor kernelfoutopsporing (NDIS 6.20)","Microsoft-netwerkminipoort voor kernelfoutopsporing (NDIS 6.20)","Kernel ","Manual","Stopped","OK","FALSE","FALSE","4.096","16.384","0","","C:\WINDOWS\system32\drivers\kdnic_legacy.sys","4.096"
"KSecDD","KSecDD","KSecDD","Kernel ","Boot","Running","OK","TRUE","FALSE","45.056","69.632","0","","C:\WINDOWS\system32\Drivers\ksecdd.sys","4.096"
"KSecPkg","KSecPkg","KSecPkg","Kernel ","Boot","Running","OK","TRUE","FALSE","73.728","73.728","0","","C:\WINDOWS\system32\Drivers\ksecpkg.sys","4.096"
"KslD","KslD","KslD","Kernel ","Manual","Stopped","OK","FALSE","FALSE","4.096","253.952","0","","C:\WINDOWS\system32\drivers\wd\KslD.sys","8.192"
"ksthunk","Kernel Streaming Thunks","Kernel Streaming Thunks","Kernel ","Manual","Running","OK","TRUE","FALSE","12.288","20.480","0","","C:\WINDOWS\system32\drivers\ksthunk.sys","4.096"
"lltdio","I/O-stuurprogramma van Link-Layer Topology Discovery Mapper","I/O-stuurprogramma van Link-Layer Topology Discovery Mapper","Kernel ","Auto","Running","OK","TRUE","FALSE","8.192","45.056","0","","C:\WINDOWS\system32\drivers\lltdio.sys","8.192"
"LSI_SAS","LSI_SAS","LSI_SAS","Kernel ","Manual","Stopped","OK","FALSE","FALSE","0","90.112","0","25-3-2015 20:36:48","C:\WINDOWS\system32\drivers\lsi_sas.sys","4.096"
"LSI_SAS2i","LSI_SAS2i","LSI_SAS2i","Kernel ","Manual","Stopped","OK","FALSE","FALSE","0","98.304","0","2-8-2017 15:29:59","C:\WINDOWS\system32\drivers\lsi_sas2i.sys","4.096"
"LSI_SAS3i","LSI_SAS3i","LSI_SAS3i","Kernel ","Manual","Stopped","OK","FALSE","FALSE","0","114.688","0","21-8-2020 09:33:28","C:\WINDOWS\system32\drivers\lsi_sas3i.sys","4.096"
"luafv","UAC File Virtualization","UAC File Virtualization","File System ","Auto","Running","OK","TRUE","FALSE","77.824","28.672","0","","C:\WINDOWS\system32\drivers\luafv.sys","12.288"
"mausbhost","Stuurprogramma voor MA-USB-hostcontroller","Stuurprogramma voor MA-USB-hostcontroller","Kernel ","Manual","Stopped","OK","FALSE","FALSE","8.192","327.680","0","","C:\WINDOWS\system32\drivers\mausbhost.sys","4.096"
"mausbip","Stuurprogramma voor IP-filter voor MA-USB","Stuurprogramma voor IP-filter voor MA-USB","Kernel ","Manual","Stopped","OK","FALSE","FALSE","4.096","45.056","0","","C:\WINDOWS\system32\drivers\mausbip.sys","4.096"
"MbbCx","MBB Network Adapter Class Extension","MBB Network Adapter Class Extension","Kernel ","Manual","Stopped","OK","FALSE","FALSE","8.192","303.104","0","","C:\WINDOWS\system32\drivers\MbbCx.sys","4.096"
"megasas2i","megasas2i","megasas2i","Kernel ","Manual","Stopped","OK","FALSE","FALSE","0","61.440","0","22-1-2020 10:57:48","C:\WINDOWS\system32\drivers\MegaSas2i.sys","4.096"
"megasas35i","megasas35i","megasas35i","Kernel ","Manual","Stopped","OK","FALSE","FALSE","0","77.824","0","12-1-2021 08:59:10","C:\WINDOWS\system32\drivers\megasas35i.sys","4.096"
"megasr","megasr","megasr","Kernel ","Manual","Stopped","OK","FALSE","FALSE","0","434.176","0","4-6-2013 00:02:39","C:\WINDOWS\system32\drivers\megasr.sys","4.096"
"MEIx64","Intel(R) Management Engine Interface ","Intel(R) Management Engine Interface ","Kernel ","Manual","Running","OK","TRUE","FALSE","20.480","229.376","0","28-7-2020 06:28:59","C:\WINDOWS\system32\DriverStore\FileRepository\heci.inf_amd64_1308ad4bd1ad0f9f\x64\TeeDriverW10x64.sys","4.096"
"Microsoft_Bluetooth_AvrcpTransport","Microsoft Bluetooth AVRCP-transportstuurprogramma","Microsoft Bluetooth AVRCP-transportstuurprogramma","Kernel ","Manual","Stopped","OK","FALSE","FALSE","28.672","40.960","0","","C:\WINDOWS\system32\drivers\Microsoft.Bluetooth.AvrcpTransport.sys","4.096"
"mlx4_bus","Mellanox ConnectX Bus Enumerator","Mellanox ConnectX Bus Enumerator","Kernel ","Manual","Stopped","OK","FALSE","FALSE","4.096","880.640","0","19-6-2019 15:21:08","C:\WINDOWS\system32\drivers\mlx4_bus.sys","8.192"
"MMCSS","Multimedia Class Scheduler","Multimedia Class Scheduler","Kernel ","Auto","Running","OK","TRUE","FALSE","12.288","24.576","0","","C:\WINDOWS\system32\drivers\mmcss.sys","8.192"
"Modem","Modem","Modem","Kernel ","Manual","Stopped","OK","FALSE","FALSE","32.768","12.288","0","","C:\WINDOWS\system32\drivers\modem.sys","4.096"
"monitor","Microsoft Monitor Class Function Driver-service","Microsoft Monitor Class Function Driver-service","Kernel ","Manual","Running","OK","TRUE","FALSE","45.056","28.672","0","","C:\WINDOWS\system32\drivers\monitor.sys","4.096"
"mouclass","Stuurprogramma voor muistypen","Stuurprogramma voor muistypen","Kernel ","Manual","Running","OK","TRUE","FALSE","12.288","32.768","0","","C:\WINDOWS\system32\drivers\mouclass.sys","4.096"
"mouhid","Stuurprogramma voor muis-HID","Stuurprogramma voor muis-HID","Kernel ","Manual","Running","OK","TRUE","FALSE","8.192","24.576","0","","C:\WINDOWS\system32\drivers\mouhid.sys","4.096"
"mountmgr","Mount Point Manager","Mount Point Manager","Kernel ","Boot","Running","OK","TRUE","FALSE","69.632","16.384","0","","C:\WINDOWS\system32\drivers\mountmgr.sys","4.096"
"mpi3drvi","mpi3drvi","mpi3drvi","Kernel ","Manual","Stopped","OK","FALSE","FALSE","0","69.632","0","16-11-2021 23:22:38","C:\WINDOWS\system32\drivers\mpi3drvi.sys","4.096"
"mpsdrv","Windows Defender Firewall Authorization Driver","Windows Defender Firewall Authorization Driver","Kernel ","Manual","Running","OK","TRUE","FALSE","4.096","65.536","0","","C:\WINDOWS\system32\drivers\mpsdrv.sys","4.096"
"MRxDAV","WebDav Client Redirector Driver","WebDav Client Redirector Driver","File System ","Manual","Stopped","OK","FALSE","FALSE","114.688","32.768","0","","C:\WINDOWS\system32\drivers\mrxdav.sys","4.096"
"mrxsmb","SMB MiniRedirector Wrapper and Engine","SMB MiniRedirector Wrapper and Engine","File System ","Manual","Running","OK","TRUE","FALSE","94.208","409.600","0","","C:\WINDOWS\system32\DRIVERS\mrxsmb.sys","4.096"
"mrxsmb20","SMB 2.0 MiniRedirector","SMB 2.0 MiniRedirector","File System ","Manual","Running","OK","TRUE","FALSE","28.672","249.856","0","","C:\WINDOWS\system32\DRIVERS\mrxsmb20.sys","4.096"
"MsBridge","Microsoft MAC-brug","Microsoft MAC-brug","Kernel ","Manual","Stopped","OK","FALSE","FALSE","8.192","94.208","0","","C:\WINDOWS\system32\drivers\bridge.sys","4.096"
"Msfs","Msfs","Msfs","File System ","System","Running","OK","TRUE","FALSE","28.672","12.288","0","","C:\WINDOWS\system32\drivers\Msfs.sys","4.096"
"msgpiowin32","Algemeen stuurprogramma voor knoppen, koppelmodus en laptop/slate-indicator","Algemeen stuurprogramma voor knoppen, koppelmodus en laptop/slate-indicator","Kernel ","Manual","Stopped","OK","FALSE","FALSE","20.480","24.576","0","","C:\WINDOWS\system32\drivers\msgpiowin32.sys","4.096"
"mshidkmdf","Pass-through HID to KMDF Filter Driver","Pass-through HID to KMDF Filter Driver","Kernel ","Manual","Stopped","OK","FALSE","FALSE","4.096","8.192","0","","C:\WINDOWS\system32\drivers\mshidkmdf.sys","4.096"
"mshidumdf","Pass-through HID to UMDF Driver","Pass-through HID to UMDF Driver","Kernel ","Manual","Stopped","OK","FALSE","FALSE","4.096","8.192","0","","C:\WINDOWS\system32\drivers\mshidumdf.sys","4.096"
"MSIO","MSIO","MSIO","Kernel ","System","Running","OK","TRUE","FALSE","0","4.096","0","11-12-2023 07:39:57","\??\C:\WINDOWS\system32\drivers\MsIo64.sys","4.096"
"msisadrv","msisadrv","msisadrv","Kernel ","Boot","Running","OK","TRUE","FALSE","4.096","8.192","0","","C:\WINDOWS\system32\drivers\msisadrv.sys","4.096"
"MSKSSRV","Service-proxy van Microsoft Streaming","Service-proxy van Microsoft Streaming","Kernel ","Manual","Stopped","OK","FALSE","FALSE","20.480","16.384","0","","C:\WINDOWS\system32\drivers\MSKSSRV.sys","4.096"
"MsLldp","Microsoft Link-Layer Discovery Protocol","Microsoft Link-Layer Discovery Protocol","Kernel ","Auto","Running","OK","TRUE","FALSE","20.480","32.768","0","","C:\WINDOWS\system32\drivers\mslldp.sys","4.096"
"MSPCLOCK","Microsoft Streaming Clock-proxy","Microsoft Streaming Clock-proxy","Kernel ","Manual","Stopped","OK","FALSE","FALSE","4.096","4.096","0","","C:\WINDOWS\system32\drivers\MSPCLOCK.sys","4.096"
"MSPQM","Kwaliteitsbeheer-proxy van Microsoft Streaming","Kwaliteitsbeheer-proxy van Microsoft Streaming","Kernel ","Manual","Stopped","OK","FALSE","FALSE","4.096","4.096","0","","C:\WINDOWS\system32\drivers\MSPQM.sys","4.096"
"MsQuic","MsQuic","MsQuic","Kernel ","Manual","Stopped","OK","FALSE","FALSE","4.096","307.200","0","","C:\WINDOWS\system32\drivers\msquic.sys","4.096"
"MsQuicPrev","MSQUIC","MSQUIC","Kernel ","Manual","Stopped","OK","FALSE","FALSE","4.096","299.008","0","","C:\WINDOWS\system32\drivers\msquicprev.sys","4.096"
"MsRPC","MsRPC","MsRPC","Kernel ","Manual","Stopped","OK","FALSE","FALSE","270.336","12.288","0","","C:\WINDOWS\system32\drivers\MsRPC.sys","4.096"
"MsSecCore","Opstartstuurprogramma voor Microsoft Security Core","Opstartstuurprogramma voor Microsoft Security Core","Kernel ","Boot","Running","OK","TRUE","FALSE","4.096","12.288","0","","C:\WINDOWS\system32\drivers\msseccore.sys","4.096"
"MsSecFlt","Minifilter voor Microsoft Security Events Component","Minifilter voor Microsoft Security Events Component","Kernel ","Manual","Stopped","OK","FALSE","FALSE","147.456","69.632","0","","C:\WINDOWS\system32\drivers\mssecflt.sys","12.288"
"MsSecWfp","WFP-calloutstuurprogramma van Microsoft Beveiliging","WFP-calloutstuurprogramma van Microsoft Beveiliging","Kernel ","Manual","Stopped","OK","FALSE","FALSE","12.288","8.192","0","","C:\WINDOWS\system32\drivers\mssecwfp.sys","4.096"
"mssmbios","BIOS-stuurprogramma voor Microsoft Systeembeheer","BIOS-stuurprogramma voor Microsoft Systeembeheer","Kernel ","System","Running","OK","TRUE","FALSE","8.192","20.480","0","","C:\WINDOWS\system32\drivers\mssmbios.sys","4.096"
"MSTEE","Tee/Sink-to-Sink-conversieprogramma van Microsoft Streaming","Tee/Sink-to-Sink-conversieprogramma van Microsoft Streaming","Kernel ","Manual","Stopped","OK","FALSE","FALSE","8.192","8.192","0","","C:\WINDOWS\system32\drivers\MSTEE.sys","4.096"
"MTConfig","Microsoft Input Configuration Driver","Microsoft Input Configuration Driver","Kernel ","Manual","Stopped","OK","FALSE","FALSE","4.096","12.288","0","","C:\WINDOWS\system32\drivers\MTConfig.sys","4.096"
"Mup","Mup","Mup","File System ","Boot","Running","OK","TRUE","FALSE","73.728","28.672","0","","C:\WINDOWS\system32\Drivers\mup.sys","4.096"
"mvumis","mvumis","mvumis","Kernel ","Manual","Stopped","OK","FALSE","FALSE","0","20.480","0","23-5-2014 22:39:04","C:\WINDOWS\system32\drivers\mvumis.sys","4.096"
"NativeWifiP","NativeWiFi-filter","NativeWiFi-filter","Kernel ","Manual","Stopped","OK","FALSE","FALSE","8.192","724.992","0","","C:\WINDOWS\system32\DRIVERS\nwifi.sys","4.096"
"ndfltr","NetworkDirect-service","NetworkDirect-service","Kernel ","Manual","Stopped","OK","FALSE","FALSE","4.096","118.784","0","19-6-2019 15:18:42","C:\WINDOWS\system32\drivers\ndfltr.sys","4.096"
"NDIS","NDIS System Driver","NDIS System Driver","Kernel ","Boot","Running","OK","TRUE","FALSE","331.776","987.136","0","","C:\WINDOWS\system32\drivers\ndis.sys","16.384"
"NdisCap","Microsoft NDIS Capture","Microsoft NDIS Capture","Kernel ","System","Running","OK","TRUE","FALSE","0","32.768","0","","C:\WINDOWS\system32\drivers\ndiscap.sys","4.096"
"NdisImPlatform","Microsoft-protocol voor netwerkadapter-multiplexor","Microsoft-protocol voor netwerkadapter-multiplexor","Kernel ","Manual","Stopped","OK","FALSE","FALSE","4.096","94.208","0","","C:\WINDOWS\system32\drivers\NdisImPlatform.sys","4.096"
"NdisTapi","Remote Access NDIS TAPI Driver","Remote Access NDIS TAPI Driver","Kernel ","Manual","Running","OK","TRUE","FALSE","8.192","16.384","0","","C:\WINDOWS\system32\DRIVERS\ndistapi.sys","4.096"
"Ndisuio","NDIS Usermode I/O Protocol","NDIS Usermode I/O Protocol","Kernel ","Manual","Stopped","OK","FALSE","FALSE","16.384","40.960","0","","C:\WINDOWS\system32\drivers\ndisuio.sys","4.096"
"NdisVirtualBus","Microsoft Virtual Network Adapter Enumerator","Microsoft Virtual Network Adapter Enumerator","Kernel ","Manual","Running","OK","TRUE","FALSE","8.192","12.288","0","","C:\WINDOWS\system32\drivers\NdisVirtualBus.sys","4.096"
"NdisWan","Remote Access NDIS WAN Driver","Remote Access NDIS WAN Driver","Kernel ","Manual","Running","OK","TRUE","FALSE","86.016","94.208","0","","C:\WINDOWS\system32\drivers\ndiswan.sys","8.192"
"ndiswanlegacy","Remote Access LEGACY NDIS WAN Driver","Remote Access LEGACY NDIS WAN Driver","Kernel ","Manual","Stopped","OK","FALSE","FALSE","86.016","94.208","0","","C:\WINDOWS\system32\DRIVERS\ndiswan.sys","8.192"
"NDKPerf","NDKPerf Driver","NDKPerf Driver","Kernel ","Manual","Stopped","OK","FALSE","FALSE","16.384","24.576","0","","C:\WINDOWS\system32\drivers\NDKPerf.sys","4.096"
"NDKPing","NDKPing Driver","NDKPing Driver","Kernel ","Manual","Stopped","OK","FALSE","FALSE","20.480","36.864","0","","C:\WINDOWS\system32\drivers\NDKPing.sys","4.096"
"ndproxy","NDIS Proxy Driver","NDIS Proxy Driver","Kernel ","Manual","Running","OK","TRUE","FALSE","45.056","36.864","0","","C:\WINDOWS\system32\DRIVERS\NDProxy.sys","4.096"
"Ndu","Windows Network Data Usage Monitoring Driver","Windows Network Data Usage Monitoring Driver","Kernel ","Auto","Running","OK","TRUE","FALSE","8.192","77.824","0","","C:\WINDOWS\system32\drivers\Ndu.sys","4.096"
"NetAdapterCx","Network Adapter WDF Class Extension Library","Network Adapter WDF Class Extension Library","Kernel ","Manual","Running","OK","TRUE","FALSE","20.480","266.240","0","","C:\WINDOWS\system32\drivers\netadaptercx.sys","4.096"
"NetBIOS","NetBIOS Interface","NetBIOS Interface","File System ","System","Running","OK","TRUE","FALSE","20.480","28.672","0","","C:\WINDOWS\system32\drivers\netbios.sys","4.096"
"NetBT","NetBT","NetBT","Kernel ","System","Running","OK","TRUE","FALSE","77.824","204.800","0","","C:\WINDOWS\system32\DRIVERS\netbt.sys","4.096"
"netvsc","netvsc","netvsc","Kernel ","Manual","Stopped","OK","FALSE","FALSE","8.192","253.952","0","","C:\WINDOWS\system32\drivers\netvsc.sys","4.096"
"NetworkPrivacyPolicy","Microsoft Network Privacy Policy Service","Microsoft Network Privacy Policy Service","Kernel ","Auto","Stopped","OK","FALSE","FALSE","4.096","53.248","0","","C:\WINDOWS\system32\DriverStore\FileRepository\networkprivacypolicy.inf_amd64_e708dfdee64c5e0e\NetworkPrivacyPolicy.sys","4.096"
"Npfs","Npfs","Npfs","File System ","System","Running","OK","TRUE","FALSE","53.248","12.288","0","","C:\WINDOWS\system32\drivers\Npfs.sys","4.096"
"npsvctrig","Named pipe service trigger provider","Named pipe service trigger provider","Kernel ","System","Running","OK","TRUE","FALSE","12.288","12.288","0","","C:\WINDOWS\system32\drivers\npsvctrig.sys","4.096"
"nsiproxy","NSI Proxy Service Driver","NSI Proxy Service Driver","Kernel ","System","Running","OK","TRUE","FALSE","8.192","28.672","0","","C:\WINDOWS\system32\drivers\nsiproxy.sys","4.096"
"Ntfs","Ntfs","Ntfs","File System ","Manual","Running","OK","TRUE","FALSE","2.195.456","380.928","0","","C:\WINDOWS\system32\drivers\Ntfs.sys","16.384"
"Null","Null","Null","Kernel ","System","Running","OK","TRUE","FALSE","4.096","12.288","0","","C:\WINDOWS\system32\drivers\Null.sys","4.096"
"nvdimm","Microsoft NVDIMM-apparaatstuurprogramma","Microsoft NVDIMM-apparaatstuurprogramma","Kernel ","Manual","Stopped","OK","FALSE","FALSE","32.768","57.344","0","","C:\WINDOWS\system32\drivers\nvdimm.sys","4.096"
"NVHDA","Service for NVIDIA High Definition Audio Driver","Service for NVIDIA High Definition Audio Driver","Kernel ","Manual","Running","OK","TRUE","FALSE","106.496","69.632","0","9-6-2020 20:01:25","C:\WINDOWS\system32\drivers\nvhda64v.sys","4.096"
"nvlddmkm","nvlddmkm","nvlddmkm","Kernel ","Manual","Running","OK","TRUE","FALSE","22.646.784","8.822.784","0","22-11-2020 10:28:22","C:\WINDOWS\system32\DriverStore\FileRepository\nvmd.inf_amd64_1408eaf9a25ed64f\nvlddmkm.sys","36.864"
"nvmedisk","Microsoft NVMe-schijfstuurprogramma","Microsoft NVMe-schijfstuurprogramma","Kernel ","Boot","Running","OK","TRUE","FALSE","20.480","32.768","0","","C:\WINDOWS\system32\drivers\nvmedisk.sys","4.096"
"nvraid","nvraid","nvraid","Kernel ","Manual","Stopped","OK","FALSE","FALSE","8.192","90.112","0","21-4-2014 20:28:42","C:\WINDOWS\system32\drivers\nvraid.sys","8.192"
"nvstor","nvstor","nvstor","Kernel ","Manual","Stopped","OK","FALSE","FALSE","0","118.784","0","21-4-2014 20:34:03","C:\WINDOWS\system32\drivers\nvstor.sys","4.096"
"P9Rdr","Plan 9 Redirector Driver","Plan 9 Redirector Driver","Kernel ","Manual","Stopped","OK","FALSE","FALSE","4.096","81.920","0","","C:\WINDOWS\system32\drivers\p9rdr.sys","4.096"
"Parport","Stuurprogramma voor parallelle poort","Stuurprogramma voor parallelle poort","Kernel ","Manual","Stopped","OK","FALSE","FALSE","4.096","90.112","0","","C:\WINDOWS\system32\drivers\parport.sys","4.096"
"partmgr","Partition driver","Partition driver","Kernel ","Boot","Running","OK","TRUE","FALSE","53.248","77.824","0","","C:\WINDOWS\system32\drivers\partmgr.sys","4.096"
"pci","PCI Bus-stuurprogramma","PCI Bus-stuurprogramma","Kernel ","Boot","Running","OK","TRUE","FALSE","233.472","217.088","0","","C:\WINDOWS\system32\drivers\pci.sys","12.288"
"pciide","pciide","pciide","Kernel ","Manual","Stopped","OK","FALSE","FALSE","0","8.192","0","","C:\WINDOWS\system32\drivers\pciide.sys","4.096"
"pcmcia","pcmcia","pcmcia","Kernel ","Manual","Stopped","OK","FALSE","FALSE","45.056","53.248","0","","C:\WINDOWS\system32\drivers\pcmcia.sys","8.192"
"pcw","Performance Counters for Windows Driver","Performance Counters for Windows Driver","Kernel ","Boot","Running","OK","TRUE","FALSE","45.056","8.192","0","","C:\WINDOWS\system32\drivers\pcw.sys","4.096"
"pdc","pdc","pdc","Kernel ","Boot","Running","OK","TRUE","FALSE","94.208","32.768","0","","C:\WINDOWS\system32\drivers\pdc.sys","8.192"
"PEAUTH","PEAUTH","PEAUTH","Kernel ","Auto","Running","OK","TRUE","FALSE","577.536","151.552","0","","C:\WINDOWS\system32\drivers\peauth.sys","4.096"
"percsas2i","percsas2i","percsas2i","Kernel ","Manual","Stopped","OK","FALSE","FALSE","0","40.960","0","15-3-2016 01:50:11","C:\WINDOWS\system32\drivers\percsas2i.sys","4.096"
"percsas3i","percsas3i","percsas3i","Kernel ","Manual","Stopped","OK","FALSE","FALSE","0","49.152","0","1-6-2018 23:47:02","C:\WINDOWS\system32\drivers\percsas3i.sys","4.096"
"PktMon","Packet Monitor Driver","Packet Monitor Driver","Kernel ","Manual","Stopped","OK","FALSE","FALSE","4.096","94.208","0","","C:\WINDOWS\system32\drivers\PktMon.sys","4.096"
"PktMonApi","Packet Monitor Export Driver","Packet Monitor Export Driver","Kernel ","Manual","Stopped","OK","FALSE","FALSE","4.096","16.384","0","","C:\WINDOWS\system32\drivers\PktMonApi.sys","4.096"
"PlutonHeci","Microsoft Pluton Security Service","Microsoft Pluton Security Service","Kernel ","Manual","Stopped","OK","FALSE","FALSE","8.192","20.480","0","","C:\WINDOWS\system32\DriverStore\FileRepository\pluton-heci.inf_amd64_2ab19567719f33ae\pluton-heci.sys","4.096"
"PlutonHsp2","Microsoft Pluton Service","Microsoft Pluton Service","Kernel ","Manual","Stopped","OK","FALSE","FALSE","8.192","20.480","0","","C:\WINDOWS\system32\DriverStore\FileRepository\plutonhsp2.inf_amd64_babf747387570b43\PlutonHsp2.sys","4.096"
"pmem","Microsoft-stuurprogramma voor permanent-geheugenschijven","Microsoft-stuurprogramma voor permanent-geheugenschijven","Kernel ","Manual","Stopped","OK","FALSE","FALSE","28.672","53.248","0","","C:\WINDOWS\system32\drivers\pmem.sys","4.096"
"PNPMEM","Stuurprogramma van Microsoft voor geheugenmodule","Stuurprogramma van Microsoft voor geheugenmodule","Kernel ","Manual","Stopped","OK","FALSE","FALSE","8.192","8.192","0","","C:\WINDOWS\system32\drivers\pnpmem.sys","4.096"
"portcfg","portcfg","portcfg","Kernel ","Manual","Stopped","OK","FALSE","FALSE","12.288","12.288","0","","C:\WINDOWS\system32\drivers\portcfg.sys","4.096"
"PptpMiniport","WAN Miniport (PPTP)","WAN Miniport (PPTP)","Kernel ","Manual","Running","OK","TRUE","FALSE","65.536","36.864","0","","C:\WINDOWS\system32\drivers\raspptp.sys","4.096"
"PRM","Microsoft PRM-stuurprogramma","Microsoft PRM-stuurprogramma","Kernel ","Boot","Running","OK","TRUE","FALSE","4.096","16.384","0","","C:\WINDOWS\system32\DriverStore\FileRepository\prm.inf_amd64_7c38475757a1f016\PRM.sys","4.096"
"Processor","Stuurprogramma voor processor","Stuurprogramma voor processor","Kernel ","Manual","Stopped","OK","FALSE","FALSE","122.880","57.344","0","","C:\WINDOWS\system32\drivers\processr.sys","12.288"
"Psched","QoS-pakketplanner","QoS-pakketplanner","Kernel ","System","Running","OK","TRUE","FALSE","20.480","81.920","0","","C:\WINDOWS\system32\drivers\pacer.sys","4.096"
"pvscsi","pvscsi Storage Controller Driver","pvscsi Storage Controller Driver","Kernel ","Manual","Stopped","OK","FALSE","FALSE","0","24.576","0","20-5-2021 05:55:26","C:\WINDOWS\system32\drivers\pvscsii.sys","4.096"
"QWAVEdrv","QWAVE driver","QWAVE driver","Kernel ","Manual","Stopped","OK","FALSE","FALSE","8.192","40.960","0","","C:\WINDOWS\system32\drivers\qwavedrv.sys","4.096"
"Ramdisk","Stuurprogramma voor Windows RAM-schijfstation","Stuurprogramma voor Windows RAM-schijfstation","Kernel ","Manual","Stopped","OK","FALSE","FALSE","16.384","12.288","0","","C:\WINDOWS\system32\drivers\ramdisk.sys","4.096"
"RasAcd","Remote Access Auto Connection Driver","Remote Access Auto Connection Driver","Kernel ","Manual","Stopped","OK","FALSE","FALSE","4.096","16.384","0","","C:\WINDOWS\system32\DRIVERS\rasacd.sys","4.096"
"RasAgileVpn","WAN-minipoort (IKEv2)","WAN-minipoort (IKEv2)","Kernel ","Manual","Running","OK","TRUE","FALSE","32.768","49.152","0","","C:\WINDOWS\system32\drivers\AgileVpn.sys","4.096"
"Rasl2tp","WAN Miniport (L2TP)","WAN Miniport (L2TP)","Kernel ","Manual","Running","OK","TRUE","FALSE","73.728","24.576","0","","C:\WINDOWS\system32\drivers\rasl2tp.sys","4.096"
"RasPppoe","Remote Access PPPOE Driver","Remote Access PPPOE Driver","Kernel ","Manual","Running","OK","TRUE","FALSE","49.152","32.768","0","","C:\WINDOWS\system32\DRIVERS\raspppoe.sys","4.096"
"RasSstp","WAN-minipoort (SSTP)","WAN-minipoort (SSTP)","Kernel ","Manual","Running","OK","TRUE","FALSE","49.152","28.672","0","","C:\WINDOWS\system32\drivers\rassstp.sys","4.096"
"rdbss","Redirected Buffering Sub System","Redirected Buffering Sub System","File System ","System","Running","OK","TRUE","FALSE","249.856","167.936","0","","C:\WINDOWS\system32\DRIVERS\rdbss.sys","8.192"
"rdpbus","Stuurprogramma voor de bus voor Extern bureaublad-apparaatredirector","Stuurprogramma voor de bus voor Extern bureaublad-apparaatredirector","Kernel ","Manual","Running","OK","TRUE","FALSE","12.288","16.384","0","","C:\WINDOWS\system32\drivers\rdpbus.sys","4.096"
"RDPDR","Remote Desktop Device Redirector Driver","Remote Desktop Device Redirector Driver","Kernel ","Manual","Stopped","OK","FALSE","FALSE","118.784","32.768","0","","C:\WINDOWS\system32\drivers\rdpdr.sys","4.096"
"rdyboost","ReadyBoost","ReadyBoost","Kernel ","Boot","Running","OK","TRUE","FALSE","40.960","172.032","0","","C:\WINDOWS\system32\drivers\rdyboost.sys","4.096"
"ReFS","ReFS","ReFS","File System ","Manual","Stopped","OK","FALSE","FALSE","802.816","1.875.968","0","","C:\WINDOWS\system32\drivers\ReFS.sys","16.384"
"ReFSv1","ReFSv1","ReFSv1","File System ","Manual","Stopped","OK","FALSE","FALSE","352.256","405.504","0","","C:\WINDOWS\system32\drivers\ReFSv1.sys","8.192"
"RFCOMM","Bluetooth Device (RFCOMM Protocol TDI)","Bluetooth Device (RFCOMM Protocol TDI)","Kernel ","Manual","Stopped","OK","FALSE","FALSE","20.480","139.264","0","","C:\WINDOWS\system32\drivers\rfcomm.sys","4.096"
"rhproxy","Resource Hub-proxystuurprogramma","Resource Hub-proxystuurprogramma","Kernel ","Manual","Stopped","OK","FALSE","FALSE","49.152","49.152","0","","C:\WINDOWS\system32\drivers\rhproxy.sys","4.096"
"RoutePolicy","Microsoft Route Policy Service","Microsoft Route Policy Service","Kernel ","Manual","Stopped","OK","FALSE","FALSE","8.192","49.152","0","","C:\WINDOWS\system32\drivers\RoutePolicy.sys","4.096"
"rspndr","Link-Layer Topology Discovery Responder","Link-Layer Topology Discovery Responder","Kernel ","Auto","Running","OK","TRUE","FALSE","8.192","61.440","0","","C:\WINDOWS\system32\drivers\rspndr.sys","4.096"
"rt640x64","Realtek RT640 NT Driver","Realtek RT640 NT Driver","Kernel ","Manual","Running","OK","TRUE","FALSE","4.096","1.060.864","0","26-5-2020 10:25:13","C:\WINDOWS\system32\drivers\rt640x64.sys","8.192"
"rtcx21","Realtek NetAdapter Driver","Realtek NetAdapter Driver","Kernel ","Manual","Stopped","OK","FALSE","FALSE","4.096","462.848","0","4-10-2021 08:54:20","C:\WINDOWS\system32\DriverStore\FileRepository\rtcx21x64.inf_amd64_feec7a9662e785f0\rtcx21x64.sys","4.096"
"s3cap","s3cap","s3cap","Kernel ","Manual","Stopped","OK","FALSE","FALSE","4.096","8.192","0","","C:\WINDOWS\system32\drivers\vms3cap.sys","4.096"
"sbp2port","SBP-2 Transport/Protocol-busstuurprogramma","SBP-2 Transport/Protocol-busstuurprogramma","Kernel ","Manual","Stopped","OK","FALSE","FALSE","16.384","81.920","0","","C:\WINDOWS\system32\drivers\sbp2port.sys","4.096"
"scfilter","Smart card PnP Class Filter Driver","Smart card PnP Class Filter Driver","Kernel ","Manual","Stopped","OK","FALSE","FALSE","8.192","32.768","0","","C:\WINDOWS\system32\DRIVERS\scfilter.sys","4.096"
"scmbus","Microsoft-stuurprogramma voor geheugenbus opslagklasse","Microsoft-stuurprogramma voor geheugenbus opslagklasse","Kernel ","Manual","Stopped","OK","FALSE","FALSE","49.152","81.920","0","","C:\WINDOWS\system32\drivers\scmbus.sys","4.096"
"sdbus","sdbus","sdbus","Kernel ","Manual","Stopped","OK","FALSE","FALSE","28.672","217.088","0","","C:\WINDOWS\system32\drivers\sdbus.sys","8.192"
"SdcaHidInbox","Stuurprogramma voor SoundWire HID","Stuurprogramma voor SoundWire HID","Kernel ","Manual","Stopped","OK","FALSE","FALSE","77.824","49.152","0","","C:\WINDOWS\system32\DriverStore\FileRepository\sdcahid.inf_amd64_7bf425bf12706f63\SdcaHid.sys","4.096"
"SdcaMfdInbox","Multifunctioneel stuurprogramma voor SoundWire Audio","Multifunctioneel stuurprogramma voor SoundWire Audio","Kernel ","Manual","Stopped","OK","FALSE","FALSE","45.056","94.208","0","","C:\WINDOWS\system32\DriverStore\FileRepository\sdcamfd.inf_amd64_5644f1d68756de67\SdcaMfd.sys","4.096"
"sdstor","Poortstuurprogramma voor SD-opslag","Poortstuurprogramma voor SD-opslag","Kernel ","Manual","Stopped","OK","FALSE","FALSE","24.576","57.344","0","","C:\WINDOWS\system32\drivers\sdstor.sys","4.096"
"SerCx","Serial UART Support Library","Serial UART Support Library","Kernel ","Manual","Stopped","OK","FALSE","FALSE","4.096","61.440","0","","C:\WINDOWS\system32\drivers\SerCx.sys","4.096"
"SerCx2","Serial UART Support Library","Serial UART Support Library","Kernel ","Manual","Stopped","OK","FALSE","FALSE","4.096","118.784","0","","C:\WINDOWS\system32\drivers\SerCx2.sys","4.096"
"Serenum","Serenum Filter-stuurprogramma","Serenum Filter-stuurprogramma","Kernel ","Manual","Running","OK","TRUE","FALSE","16.384","12.288","0","","C:\WINDOWS\system32\drivers\serenum.sys","4.096"
"Serial","Stuurprogramma voor seriële poort","Stuurprogramma voor seriële poort","Kernel ","Manual","Running","OK","TRUE","FALSE","40.960","28.672","0","","C:\WINDOWS\system32\drivers\serial.sys","4.096"
"sermouse","Stuurprogramma voor seriële muis","Stuurprogramma voor seriële muis","Kernel ","Manual","Stopped","OK","FALSE","FALSE","12.288","12.288","0","","C:\WINDOWS\system32\drivers\sermouse.sys","4.096"
"sfloppy","Diskettestation voor HD-diskettes","Diskettestation voor HD-diskettes","Kernel ","Manual","Stopped","OK","FALSE","FALSE","8.192","12.288","0","","C:\WINDOWS\system32\drivers\sfloppy.sys","4.096"
"SiSRaid2","SiSRaid2","SiSRaid2","Kernel ","Manual","Stopped","OK","FALSE","FALSE","0","32.768","0","24-9-2008 20:28:20","C:\WINDOWS\system32\drivers\SiSRaid2.sys","4.096"
"SiSRaid4","SiSRaid4","SiSRaid4","Kernel ","Manual","Stopped","OK","FALSE","FALSE","0","69.632","0","1-10-2008 23:56:04","C:\WINDOWS\system32\drivers\sisraid4.sys","4.096"
"SmartSAMD","SmartSAMD","SmartSAMD","Kernel ","Manual","Stopped","OK","FALSE","FALSE","0","188.416","0","21-2-2019 18:54:44","C:\WINDOWS\system32\drivers\SmartSAMD.sys","4.096"
"smbdirect","smbdirect","smbdirect","File System ","Manual","Stopped","OK","FALSE","FALSE","12.288","131.072","0","","C:\WINDOWS\system32\DRIVERS\smbdirect.sys","4.096"
"spaceparser","spaceparser","spaceparser","Kernel ","Manual","Stopped","OK","FALSE","FALSE","8.192","28.672","0","","C:\WINDOWS\system32\drivers\spaceparser.sys","4.096"
"spaceport","Stuurprogramma voor opslagruimten","Stuurprogramma voor opslagruimten","Kernel ","Boot","Running","OK","TRUE","FALSE","200.704","454.656","0","","C:\WINDOWS\system32\drivers\spaceport.sys","4.096"
"SpbCx","Simple Peripheral Bus Support Library","Simple Peripheral Bus Support Library","Kernel ","Manual","Stopped","OK","FALSE","FALSE","4.096","61.440","0","","C:\WINDOWS\system32\drivers\SpbCx.sys","4.096"
"srv2","Server SMB 2.xxx Driver","Server SMB 2.xxx Driver","File System ","Manual","Running","OK","TRUE","FALSE","286.720","245.760","0","","C:\WINDOWS\system32\DRIVERS\srv2.sys","4.096"
"srvnet","srvnet","srvnet","File System ","Manual","Running","OK","TRUE","FALSE","98.304","188.416","0","","C:\WINDOWS\system32\DRIVERS\srvnet.sys","4.096"
"ssudmdm","SAMSUNG  Mobile USB Modem Drivers (DEVGURU Ver.)","SAMSUNG  Mobile USB Modem Drivers (DEVGURU Ver.)","Kernel ","Manual","Stopped","OK","FALSE","FALSE","0","126.976","0","23-9-2024 10:30:57","C:\WINDOWS\system32\DRIVERS\ssudmdm.sys","4.096"
"stexstor","stexstor","stexstor","Kernel ","Manual","Stopped","OK","FALSE","FALSE","0","16.384","0","27-11-2012 01:02:51","C:\WINDOWS\system32\drivers\stexstor.sys","4.096"
"storahci","Microsoft Standaard SATA AHCI-stuurprogramma","Microsoft Standaard SATA AHCI-stuurprogramma","Kernel ","Boot","Running","OK","TRUE","FALSE","0","163.840","0","","C:\WINDOWS\system32\drivers\storahci.sys","4.096"
"storflt","Microsoft Hyper-V-opslagversneller","Microsoft Hyper-V-opslagversneller","Kernel ","Manual","Stopped","OK","FALSE","FALSE","8.192","24.576","0","","C:\WINDOWS\system32\drivers\vmstorfl.sys","4.096"
"stornvme","Microsoft Standard NVM Express Driver","Microsoft Standard NVM Express Driver","Kernel ","Manual","Stopped","OK","FALSE","FALSE","4.096","229.376","0","","C:\WINDOWS\system32\drivers\stornvme.sys","4.096"
"storqosflt","Storage QoS Filter Driver","Storage QoS Filter Driver","File System ","Auto","Running","OK","TRUE","FALSE","20.480","45.056","0","","C:\WINDOWS\system32\drivers\storqosflt.sys","4.096"
"storufs","Microsoft Universal Flash Storage (UFS)-stuurprogramma","Microsoft Universal Flash Storage (UFS)-stuurprogramma","Kernel ","Manual","Stopped","OK","FALSE","FALSE","4.096","73.728","0","","C:\WINDOWS\system32\drivers\storufs.sys","4.096"
"storvsc","storvsc","storvsc","Kernel ","Manual","Stopped","OK","FALSE","FALSE","8.192","32.768","0","","C:\WINDOWS\system32\drivers\storvsc.sys","4.096"
"swenum","Software Bus-stuurprogramma","Software Bus-stuurprogramma","Kernel ","Manual","Running","OK","TRUE","FALSE","4.096","4.096","0","","C:\WINDOWS\system32\DriverStore\FileRepository\swenum.inf_amd64_8b9dd76f362e3ec6\swenum.sys","4.096"
"Tcpip","TCP/IP Protocol Driver","TCP/IP Protocol Driver","Kernel ","Boot","Running","OK","TRUE","FALSE","208.896","1.949.696","0","","C:\WINDOWS\system32\drivers\tcpip.sys","12.288"
"Tcpip6","@todo.dll,-100;Microsoft IPv6 Protocol Driver","@todo.dll,-100;Microsoft IPv6 Protocol Driver","Kernel ","Manual","Stopped","OK","FALSE","FALSE","208.896","1.949.696","0","","C:\WINDOWS\system32\drivers\tcpip.sys","12.288"
"tcpipreg","@%SystemRoot%\System32\drivers\tcpipreg.sys,-10110,","@%SystemRoot%\System32\drivers\tcpipreg.sys,-10110,","Kernel ","Auto","Running","OK","TRUE","FALSE","4.096","40.960","0","","C:\WINDOWS\system32\drivers\tcpipreg.sys","4.096"
"tdx","Stuurprogramma voor ondersteuning van NetIO Legacy TDI","Stuurprogramma voor ondersteuning van NetIO Legacy TDI","Kernel ","System","Running","OK","TRUE","FALSE","4.096","106.496","0","","C:\WINDOWS\system32\DRIVERS\tdx.sys","4.096"
"terminpt","Microsoft-invoerstuurprogramma voor Extern bureaublad","Microsoft-invoerstuurprogramma voor Extern bureaublad","Kernel ","Manual","Stopped","OK","FALSE","FALSE","12.288","16.384","0","","C:\WINDOWS\system32\drivers\terminpt.sys","4.096"
"ThermalFilter","Microsoft-stuurprogramma voor thermische filters","Microsoft-stuurprogramma voor thermische filters","Kernel ","Manual","Stopped","OK","FALSE","FALSE","16.384","16.384","0","","C:\WINDOWS\system32\DriverStore\FileRepository\c_thermal.inf_amd64_3906809d5fac687e\ThermalFilter.sys","4.096"
"TMEBC","TMEBC","TMEBC","Kernel ","Boot","Running","OK","TRUE","FALSE","8.192","32.768","0","15-1-2022 09:07:57","C:\WINDOWS\system32\DRIVERS\TMEBC64.sys","4.096"
"tmeevw","tmeevw","tmeevw","Kernel ","Auto","Running","OK","TRUE","FALSE","4.096","86.016","0","21-10-2022 11:55:35","C:\WINDOWS\system32\drivers\tmeevw.sys","4.096"
"tmel","tmel","tmel","Kernel ","Boot","Stopped","OK","FALSE","FALSE","0","24.576","0","19-4-2024 09:27:39","C:\WINDOWS\system32\drivers\tmel.sys","4.096"
"tmeyes","tmeyes","tmeyes","Kernel ","System","Running","OK","TRUE","FALSE","8.192","393.216","0","1-8-2025 05:58:28","C:\WINDOWS\system32\drivers\tmeyes.sys","8.192"
"tmnciesc","tmnciesc","tmnciesc","Kernel ","Auto","Running","OK","TRUE","FALSE","4.096","372.736","0","25-4-2022 14:33:11","C:\WINDOWS\system32\drivers\tmnciesc.sys","4.096"
"tmumh","tmumh","tmumh","Kernel ","System","Running","OK","TRUE","FALSE","8.192","159.744","0","31-7-2025 08:27:07","C:\WINDOWS\system32\drivers\TMUMH.sys","8.192"
"tmusa","Trend Micro Osprey Driver","Trend Micro Osprey Driver","Kernel ","Auto","Running","OK","TRUE","FALSE","4.096","73.728","0","19-11-2019 04:24:15","C:\WINDOWS\system32\DRIVERS\tmusa.sys","4.096"
"TPM","TPM","TPM","Kernel ","Manual","Running","OK","TRUE","FALSE","8.192","286.720","0","","C:\WINDOWS\system32\drivers\tpm.sys","4.096"
"TsUsbFlt","Remote Desktop USB Hub Class Filter Driver","Remote Desktop USB Hub Class Filter Driver","Kernel ","Manual","Stopped","OK","FALSE","FALSE","4.096","49.152","0","","C:\WINDOWS\system32\drivers\tsusbflt.sys","4.096"
"TsUsbGD","Algemeen USB-apparaat voor Extern bureaublad","Algemeen USB-apparaat voor Extern bureaublad","Kernel ","Manual","Stopped","OK","FALSE","FALSE","4.096","28.672","0","","C:\WINDOWS\system32\drivers\TsUsbGD.sys","4.096"
"tsusbhub","Remote Desktop USB Hub","Remote Desktop USB Hub","Kernel ","Manual","Stopped","OK","FALSE","FALSE","8.192","98.304","0","","C:\WINDOWS\system32\drivers\tsusbhub.sys","4.096"
"tunnel","Microsoft Tunnel Miniport-adapterstuurprogramma","Microsoft Tunnel Miniport-adapterstuurprogramma","Kernel ","Manual","Stopped","OK","FALSE","FALSE","12.288","73.728","0","","C:\WINDOWS\system32\drivers\tunnel.sys","4.096"
"UASPStor","Via USB aangesloten SCSI (UAS)-stuurprogramma","Via USB aangesloten SCSI (UAS)-stuurprogramma","Kernel ","Manual","Stopped","OK","FALSE","FALSE","4.096","61.440","0","","C:\WINDOWS\system32\drivers\uaspstor.sys","4.096"
"UcmCx0101","USB Connector Manager KMDF Class Extension","USB Connector Manager KMDF Class Extension","Kernel ","Manual","Running","OK","TRUE","FALSE","12.288","151.552","0","","C:\WINDOWS\system32\Drivers\UcmCx.sys","4.096"
"UcmCxUcsiNvppc","NVIDIA USB Type-C PPC Service","NVIDIA USB Type-C PPC Service","Kernel ","Manual","Running","OK","TRUE","FALSE","40.960","57.344","0","9-7-2020 21:44:51","C:\WINDOWS\system32\DriverStore\FileRepository\nvppc.inf_amd64_dff9c5601205b03c\UcmCxUcsiNvppc.sys","4.096"
"UcmTcpciCx0101","UCM-TCPCI KMDF Class Extension","UCM-TCPCI KMDF Class Extension","Kernel ","Manual","Stopped","OK","FALSE","FALSE","28.672","118.784","0","","C:\WINDOWS\system32\Drivers\UcmTcpciCx.sys","4.096"
"UcmUcsiAcpiClient","UCM-UCSI ACPI-client","UCM-UCSI ACPI-client","Kernel ","Manual","Stopped","OK","FALSE","FALSE","20.480","16.384","0","","C:\WINDOWS\system32\drivers\UcmUcsiAcpiClient.sys","4.096"
"UcmUcsiCx0101","UCM-UCSI KMDF Class Extension","UCM-UCSI KMDF Class Extension","Kernel ","Manual","Stopped","OK","FALSE","FALSE","36.864","94.208","0","","C:\WINDOWS\system32\Drivers\UcmUcsiCx.sys","4.096"
"UCPD","UCPD","UCPD","File System ","System","Running","OK","TRUE","FALSE","8.192","106.496","0","","C:\WINDOWS\system32\drivers\UCPD.sys","4.096"
"Ucx01000","USB Host Support Library","USB Host Support Library","Kernel ","Manual","Running","OK","TRUE","FALSE","4.096","151.552","0","","C:\WINDOWS\system32\drivers\ucx01000.sys","4.096"
"UdeCx","USB Device Emulation Support Library","USB Device Emulation Support Library","Kernel ","Manual","Stopped","OK","FALSE","FALSE","4.096","45.056","0","","C:\WINDOWS\system32\drivers\udecx.sys","4.096"
"udfs","udfs","udfs","File System ","Disabled","Stopped","OK","FALSE","FALSE","200.704","122.880","0","","C:\WINDOWS\system32\DRIVERS\udfs.sys","4.096"
"UEFI","Microsoft UEFI-stuurprogramma","Microsoft UEFI-stuurprogramma","Kernel ","Manual","Running","OK","TRUE","FALSE","16.384","16.384","0","","C:\WINDOWS\system32\DriverStore\FileRepository\uefi.inf_amd64_8681c4be783af156\UEFI.sys","4.096"
"UevAgentDriver","UevAgentDriver","UevAgentDriver","File System ","Disabled","Stopped","OK","FALSE","FALSE","8.192","12.288","0","","C:\WINDOWS\system32\drivers\UevAgentDriver.sys","4.096"
"Ufx01000","USB Function Class Extension","USB Function Class Extension","Kernel ","Manual","Stopped","OK","FALSE","FALSE","81.920","163.840","0","","C:\WINDOWS\system32\drivers\ufx01000.sys","4.096"
"UfxChipidea","Chipidea USB-controller","Chipidea USB-controller","Kernel ","Manual","Stopped","OK","FALSE","FALSE","24.576","65.536","0","","C:\WINDOWS\system32\DriverStore\FileRepository\ufxchipidea.inf_amd64_6e8bb2ed82835828\UfxChipidea.sys","4.096"
"ufxsynopsys","Synopsys USB-controller","Synopsys USB-controller","Kernel ","Manual","Stopped","OK","FALSE","FALSE","32.768","98.304","0","","C:\WINDOWS\system32\drivers\ufxsynopsys.sys","4.096"
"uiomap","Microsoft UIO Mapper-stuurprogrammaservice","Microsoft UIO Mapper-stuurprogrammaservice","Kernel ","System","Stopped","OK","FALSE","FALSE","4.096","24.576","0","","C:\WINDOWS\system32\DriverStore\FileRepository\uiomap.inf_amd64_10a42a73c2de27c4\uiomap.sys","4.096"
"umbus","UMBus Enumerator-stuurprogramma","UMBus Enumerator-stuurprogramma","Kernel ","Manual","Running","OK","TRUE","FALSE","32.768","16.384","0","","C:\WINDOWS\system32\DriverStore\FileRepository\umbus.inf_amd64_914dd46b4b013b1b\umbus.sys","4.096"
"UmPass","Microsoft UMPass-stuurprogramma","Microsoft UMPass-stuurprogramma","Kernel ","Manual","Stopped","OK","FALSE","FALSE","4.096","12.288","0","","C:\WINDOWS\system32\DriverStore\FileRepository\umpass.inf_amd64_06e016c9ffecbf73\umpass.sys","4.096"
"UnionFS","UnionFS","UnionFS","File System ","Auto","Running","OK","TRUE","FALSE","8.192","331.776","0","","C:\WINDOWS\system32\drivers\UnionFS.sys","4.096"
"UrsChipidea","Stuurprogramma voor Chipidea USB Role-Switch","Stuurprogramma voor Chipidea USB Role-Switch","Kernel ","Manual","Stopped","OK","FALSE","FALSE","4.096","20.480","0","","C:\WINDOWS\system32\DriverStore\FileRepository\urschipidea.inf_amd64_37fb14618bce547b\urschipidea.sys","4.096"
"UrsCx01000","USB Role-Switch Support Library","USB Role-Switch Support Library","Kernel ","Manual","Stopped","OK","FALSE","FALSE","4.096","57.344","0","","C:\WINDOWS\system32\drivers\urscx01000.sys","4.096"
"UrsSynopsys","Stuurprogramma voor Synopsys USB Role-Switch","Stuurprogramma voor Synopsys USB Role-Switch","Kernel ","Manual","Stopped","OK","FALSE","FALSE","4.096","16.384","0","","C:\WINDOWS\system32\DriverStore\FileRepository\urssynopsys.inf_amd64_ef0be23d0f063014\urssynopsys.sys","4.096"
"usb-platformdetection","Usb platformdetectiestuurprogramma","Usb platformdetectiestuurprogramma","Kernel ","Manual","Stopped","OK","FALSE","FALSE","8.192","20.480","0","","C:\WINDOWS\system32\DriverStore\FileRepository\usb-platformdetection.inf_amd64_aad9282cdb212e91\usb-platformdetection.sys","4.096"
"Usb4DeviceRouter","Routerservice voor USB4-apparaat","Routerservice voor USB4-apparaat","Kernel ","Manual","Stopped","OK","FALSE","FALSE","110.592","655.360","0","","C:\WINDOWS\system32\DriverStore\FileRepository\usb4devicerouter.inf_amd64_99bd05b346a16620\Usb4DeviceRouter.sys","4.096"
"Usb4HostRouter","USB4 Host Router-service","USB4 Host Router-service","Kernel ","Manual","Stopped","OK","FALSE","FALSE","208.896","364.544","0","","C:\WINDOWS\system32\DriverStore\FileRepository\usb4hostrouter.inf_amd64_5d71006f46adfaa1\Usb4HostRouter.sys","4.096"
"usbaudio","Stuurprogramma voor USB-audio (WDM)","Stuurprogramma voor USB-audio (WDM)","Kernel ","Manual","Stopped","OK","FALSE","FALSE","90.112","118.784","0","","C:\WINDOWS\system32\drivers\usbaudio.sys","4.096"
"usbaudio2","USB-audio 2.0-service","USB-audio 2.0-service","Kernel ","Manual","Stopped","OK","FALSE","FALSE","237.568","98.304","0","","C:\WINDOWS\system32\drivers\usbaudio2.sys","4.096"
"usbccgp","Microsoft algemeen hoofd-USB-stuurprogramma","Microsoft algemeen hoofd-USB-stuurprogramma","Kernel ","Manual","Running","OK","TRUE","FALSE","53.248","90.112","0","","C:\WINDOWS\system32\drivers\usbccgp.sys","4.096"
"usbcir","eHome-infraroodontvanger (USBCIR)","eHome-infraroodontvanger (USBCIR)","Kernel ","Manual","Stopped","OK","FALSE","FALSE","20.480","81.920","0","","C:\WINDOWS\system32\drivers\usbcir.sys","4.096"
"usbehci","Microsoft USB 2.0 Enhanced Host Controller Miniport Driver","Microsoft USB 2.0 Enhanced Host Controller Miniport Driver","Kernel ","Manual","Stopped","OK","FALSE","FALSE","0","77.824","0","","C:\WINDOWS\system32\drivers\usbehci.sys","4.096"
"usbhub","Stuurprogramma voor Microsoft USB Standaard-hub","Stuurprogramma voor Microsoft USB Standaard-hub","Kernel ","Manual","Stopped","OK","FALSE","FALSE","4.096","397.312","0","","C:\WINDOWS\system32\drivers\usbhub.sys","4.096"
"USBHUB3","SuperSpeed-hub","SuperSpeed-hub","Kernel ","Manual","Running","OK","TRUE","FALSE","114.688","290.816","0","","C:\WINDOWS\system32\drivers\UsbHub3.sys","4.096"
"usbohci","Microsoft USB Open Host Controller Miniport Driver","Microsoft USB Open Host Controller Miniport Driver","Kernel ","Manual","Stopped","OK","FALSE","FALSE","0","32.768","0","","C:\WINDOWS\system32\drivers\usbohci.sys","4.096"
"usbprint","Microsoft USB PRINTER Class","Microsoft USB PRINTER Class","Kernel ","Manual","Stopped","OK","FALSE","FALSE","4.096","45.056","0","","C:\WINDOWS\system32\drivers\usbprint.sys","4.096"
"usbrndis6","USB RNDIS6-adapter","USB RNDIS6-adapter","Kernel ","Manual","Stopped","OK","FALSE","FALSE","0","24.576","0","","C:\WINDOWS\system32\drivers\usb80236.sys","4.096"
"usbser","Stuurprogramma voor serieel USB-apparaat van Microsoft","Stuurprogramma voor serieel USB-apparaat van Microsoft","Kernel ","Manual","Stopped","OK","FALSE","FALSE","24.576","53.248","0","","C:\WINDOWS\system32\drivers\usbser.sys","4.096"
"USBSTOR","Stuurprogramma voor USB-massaopslag","Stuurprogramma voor USB-massaopslag","Kernel ","Manual","Stopped","OK","FALSE","FALSE","45.056","86.016","0","","C:\WINDOWS\system32\drivers\USBSTOR.SYS","4.096"
"usbuhci","Microsoft USB Universal Host Controller Miniport Driver","Microsoft USB Universal Host Controller Miniport Driver","Kernel ","Manual","Stopped","OK","FALSE","FALSE","0","36.864","0","","C:\WINDOWS\system32\drivers\usbuhci.sys","4.096"
"USBXHCI","USB xHCI-compatibele hostcontroller","USB xHCI-compatibele hostcontroller","Kernel ","Manual","Running","OK","TRUE","FALSE","73.728","380.928","0","","C:\WINDOWS\system32\drivers\USBXHCI.SYS","4.096"
"vdrvroot","Microsoft Virtual Drive Enumerator","Microsoft Virtual Drive Enumerator","Kernel ","Boot","Running","OK","TRUE","FALSE","8.192","12.288","0","","C:\WINDOWS\system32\drivers\vdrvroot.sys","4.096"
"VerifierExt","Stuurprogrammacontrole-uitbreiding","Stuurprogrammacontrole-uitbreiding","Kernel ","Manual","Stopped","OK","FALSE","FALSE","8.192","110.592","0","","C:\WINDOWS\system32\drivers\VerifierExt.sys","4.096"
"vhdmp","vhdmp","vhdmp","Kernel ","Manual","Stopped","OK","FALSE","FALSE","335.872","397.312","0","","C:\WINDOWS\system32\drivers\vhdmp.sys","8.192"
"vhf","VHF-stuurprogramma (Virtual HID Framework)","VHF-stuurprogramma (Virtual HID Framework)","Kernel ","Manual","Stopped","OK","FALSE","FALSE","12.288","36.864","0","","C:\WINDOWS\system32\drivers\vhf.sys","4.096"
"Vid","Vid","Vid","Kernel ","System","Running","OK","TRUE","FALSE","446.464","217.088","0","","C:\WINDOWS\system32\drivers\Vid.sys","4.096"
"VirtualRender","VirtualRender","VirtualRender","Kernel ","Manual","Stopped","OK","FALSE","FALSE","4.096","12.288","0","","C:\WINDOWS\system32\DriverStore\FileRepository\vrd.inf_amd64_4dd0e6d66a75bb7e\vrd.sys","4.096"
"vmbus","Virtuele-machinebus","Virtuele-machinebus","Kernel ","Manual","Stopped","OK","FALSE","FALSE","36.864","98.304","0","","C:\WINDOWS\system32\drivers\vmbus.sys","4.096"
"VMBusHID","VMBusHID","VMBusHID","Kernel ","Manual","Stopped","OK","FALSE","FALSE","4.096","16.384","0","","C:\WINDOWS\system32\drivers\VMBusHID.sys","4.096"
"vmgid","Microsoft Hyper-V-stuurprogramma voor de gastinfrastructuur","Microsoft Hyper-V-stuurprogramma voor de gastinfrastructuur","Kernel ","Manual","Stopped","OK","FALSE","FALSE","4.096","8.192","0","","C:\WINDOWS\system32\drivers\vmgid.sys","4.096"
"volmgr","Stuurprogramma voor Volumebeheer","Stuurprogramma voor Volumebeheer","Kernel ","Boot","Running","OK","TRUE","FALSE","40.960","28.672","0","","C:\WINDOWS\system32\drivers\volmgr.sys","4.096"
"volmgrx","Dynamic Volume Manager","Dynamic Volume Manager","Kernel ","Boot","Running","OK","TRUE","FALSE","229.376","118.784","0","","C:\WINDOWS\system32\drivers\volmgrx.sys","4.096"
"volsnap","Volume Shadow Copy-stuurprogramma","Volume Shadow Copy-stuurprogramma","Kernel ","Boot","Running","OK","TRUE","FALSE","278.528","69.632","0","","C:\WINDOWS\system32\drivers\volsnap.sys","4.096"
"volume","Volumestuurprogramma","Volumestuurprogramma","Kernel ","Boot","Running","OK","TRUE","FALSE","4.096","4.096","0","","C:\WINDOWS\system32\drivers\volume.sys","4.096"
"vpci","Microsoft Hyper-V-virtuele PCI-bus","Microsoft Hyper-V-virtuele PCI-bus","Kernel ","Manual","Stopped","OK","FALSE","FALSE","61.440","49.152","0","","C:\WINDOWS\system32\drivers\vpci.sys","4.096"
"vsmraid","vsmraid","vsmraid","Kernel ","Manual","Stopped","OK","FALSE","FALSE","0","143.360","0","22-4-2014 21:21:41","C:\WINDOWS\system32\drivers\vsmraid.sys","4.096"
"VSTXRAID","Windows-stuurprogramma VIA StorX RAID Controller","Windows-stuurprogramma VIA StorX RAID Controller","Kernel ","Manual","Stopped","OK","FALSE","FALSE","0","278.528","0","21-1-2013 20:00:28","C:\WINDOWS\system32\drivers\vstxraid.sys","4.096"
"vwifibus","Stuurprogramma voor virtuele draadloze bus","Stuurprogramma voor virtuele draadloze bus","Kernel ","Manual","Stopped","OK","FALSE","FALSE","8.192","20.480","0","","C:\WINDOWS\system32\DriverStore\FileRepository\netvwifibus.inf_amd64_ab4e111fe8221178\vwifibus.sys","4.096"
"vwififlt","Virtual WiFi Filter Driver","Virtual WiFi Filter Driver","Kernel ","System","Running","OK","TRUE","FALSE","4.096","65.536","0","","C:\WINDOWS\system32\drivers\vwififlt.sys","4.096"
"WacomPen","Wacom Serial Pen HID-stuurprogramma","Wacom Serial Pen HID-stuurprogramma","Kernel ","Manual","Stopped","OK","FALSE","FALSE","12.288","16.384","0","","C:\WINDOWS\system32\drivers\wacompen.sys","4.096"
"wanarp","Remote Access IP ARP Driver","Remote Access IP ARP Driver","Kernel ","Auto","Running","OK","TRUE","FALSE","53.248","28.672","0","","C:\WINDOWS\system32\DRIVERS\wanarp.sys","4.096"
"wanarpv6","Remote Access IPv6 ARP Driver","Remote Access IPv6 ARP Driver","Kernel ","Manual","Stopped","OK","FALSE","FALSE","53.248","28.672","0","","C:\WINDOWS\system32\DRIVERS\wanarp.sys","4.096"
"wcifs","Windows Container Isolation","Windows Container Isolation","File System ","Auto","Running","OK","TRUE","FALSE","135.168","36.864","0","","C:\WINDOWS\system32\drivers\wcifs.sys","8.192"
"WdBoot","Opstartstuurprogramma voor Microsoft Defender Antivirus","Opstartstuurprogramma voor Microsoft Defender Antivirus","Kernel ","Manual","Stopped","OK","FALSE","FALSE","4.096","4.096","0","","C:\WINDOWS\system32\drivers\wd\WdBoot.sys","4.096"
"Wdf01000","Kernel Mode Driver Frameworks service","Kernel Mode Driver Frameworks service","Kernel ","Boot","Running","OK","TRUE","FALSE","49.152","708.608","0","","C:\WINDOWS\system32\drivers\Wdf01000.sys","4.096"
"WdFilter","Microsoft Defender Antivirus-minifilterstuurprogramma","Microsoft Defender Antivirus-minifilterstuurprogramma","File System ","Manual","Stopped","OK","FALSE","FALSE","393.216","69.632","0","","C:\WINDOWS\system32\drivers\wd\WdFilter.sys","45.056"
"wdiwifi","WDI Driver Framework","WDI Driver Framework","Kernel ","Manual","Stopped","OK","FALSE","FALSE","4.096","925.696","0","","C:\WINDOWS\system32\DRIVERS\wdiwifi.sys","4.096"
"WdmCompanionFilter","WdmCompanionFilter","WdmCompanionFilter","Kernel ","Manual","Stopped","OK","FALSE","FALSE","4.096","12.288","0","","C:\WINDOWS\system32\drivers\WdmCompanionFilter.sys","4.096"
"WdNisDrv","Microsoft Defender Antivirus-stuurprogramma voor netwerkinspectiesysteem","Microsoft Defender Antivirus-stuurprogramma voor netwerkinspectiesysteem","Kernel ","Manual","Stopped","OK","FALSE","FALSE","12.288","61.440","0","","C:\WINDOWS\system32\drivers\wd\WdNisDrv.sys","4.096"
"WFPLWFS","Microsoft Windows Filtering Platform","Microsoft Windows Filtering Platform","Kernel ","Boot","Running","OK","TRUE","FALSE","8.192","135.168","0","","C:\WINDOWS\system32\drivers\wfplwfs.sys","4.096"
"Wificx","Wifi Network Adapter Class Extension","Wifi Network Adapter Class Extension","Kernel ","Manual","Stopped","OK","FALSE","FALSE","8.192","892.928","0","","C:\WINDOWS\system32\drivers\WifiCx.sys","4.096"
"WIMMount","WIMMount","WIMMount","File System ","Manual","Stopped","OK","FALSE","FALSE","12.288","16.384","0","","C:\WINDOWS\system32\drivers\wimmount.sys","4.096"
"WinAccelCx0101","Microsoft Accelerator Class Extension Driver","Microsoft Accelerator Class Extension Driver","Kernel ","Manual","Stopped","OK","FALSE","FALSE","8.192","86.016","0","","C:\WINDOWS\system32\drivers\WinAccelCx.sys","4.096"
"WindowsTrustedRT","Windows Trusted Execution Environment Class Extension","Windows Trusted Execution Environment Class Extension","Kernel ","Boot","Running","OK","TRUE","FALSE","8.192","49.152","0","","C:\WINDOWS\system32\drivers\WindowsTrustedRT.sys","4.096"
"WindowsTrustedRTProxy","Microsoft Windows Trusted Runtime Secure Service","Microsoft Windows Trusted Runtime Secure Service","Kernel ","Boot","Running","OK","TRUE","FALSE","4.096","8.192","0","","C:\WINDOWS\system32\drivers\WindowsTrustedRTProxy.sys","4.096"
"wini3ctarget","Algemeen stuurprogramma voor I3C-doelapparaten","Algemeen stuurprogramma voor I3C-doelapparaten","Kernel ","Manual","Stopped","OK","FALSE","FALSE","12.288","16.384","0","","C:\WINDOWS\system32\DriverStore\FileRepository\wini3ctarget.inf_amd64_03172bf77c954f94\wini3ctarget.sys","4.096"
"WinMad","WinMad-service","WinMad-service","Kernel ","Manual","Stopped","OK","FALSE","FALSE","4.096","20.480","0","19-6-2019 15:18:11","C:\WINDOWS\system32\drivers\winmad.sys","4.096"
"WinNat","Windows NAT Driver","Windows NAT Driver","Kernel ","Manual","Stopped","OK","FALSE","FALSE","32.768","135.168","0","","C:\WINDOWS\system32\drivers\winnat.sys","4.096"
"WINUSB","WinUsb-stuurprogramma","WinUsb-stuurprogramma","Kernel ","Manual","Stopped","OK","FALSE","FALSE","24.576","73.728","0","","C:\WINDOWS\system32\drivers\WinUsb.sys","4.096"
"WinVerbs","WinVerbs-service","WinVerbs-service","Kernel ","Manual","Stopped","OK","FALSE","FALSE","4.096","53.248","0","19-6-2019 15:18:12","C:\WINDOWS\system32\drivers\winverbs.sys","4.096"
"WmiAcpi","Microsoft Windows Management Interface for ACPI","Microsoft Windows Management Interface for ACPI","Kernel ","Manual","Running","OK","TRUE","FALSE","8.192","12.288","0","","C:\WINDOWS\system32\drivers\wmiacpi.sys","4.096"
"Wof","Windows Overlay File System Filter Driver","Windows Overlay File System Filter Driver","File System ","Boot","Running","OK","TRUE","FALSE","114.688","69.632","0","","C:\WINDOWS\system32\drivers\Wof.sys","8.192"
"WpdUpFltr","WPD Upper Class Filter Driver","WPD Upper Class Filter Driver","Kernel ","Manual","Stopped","OK","FALSE","FALSE","8.192","16.384","0","","C:\WINDOWS\system32\drivers\WpdUpFltr.sys","4.096"
"ws2ifsl","Winsock IFS Driver","Winsock IFS Driver","Kernel ","Disabled","Stopped","OK","FALSE","FALSE","12.288","12.288","0","","C:\WINDOWS\system32\drivers\ws2ifsl.sys","4.096"
"wtd","wtd","wtd","Kernel ","Auto","Running","OK","TRUE","FALSE","28.672","28.672","0","","C:\WINDOWS\system32\drivers\wtd.sys","4.096"
"WudfPf","User Mode Driver Frameworks Platform Driver","User Mode Driver Frameworks Platform Driver","Kernel ","Manual","Stopped","OK","FALSE","FALSE","12.288","94.208","0","","C:\WINDOWS\system32\drivers\WudfPf.sys","4.096"
"WUDFRd","Windows Driver Foundation - User-mode Driver Framework Reflector","Windows Driver Foundation - User-mode Driver Framework Reflector","Kernel ","Manual","Stopped","OK","FALSE","FALSE","12.288","286.720","0","","C:\WINDOWS\system32\drivers\WUDFRd.sys","4.096"
"WUDFWpdFs","WPD-bestandssysteemstuurprogramma","WPD-bestandssysteemstuurprogramma","Kernel ","Manual","Stopped","OK","FALSE","FALSE","12.288","286.720","0","","C:\WINDOWS\system32\drivers\WUDFRd.sys","4.096"
"WUDFWpdMtp","WUDFWpdMtp","WUDFWpdMtp","Kernel ","Manual","Stopped","OK","FALSE","FALSE","12.288","286.720","0","","C:\WINDOWS\system32\drivers\WUDFRd.sys","4.096"
"xboxgip","Xbox Game Input Protocol-stuurprogramma","Xbox Game Input Protocol-stuurprogramma","Kernel ","Manual","Stopped","OK","FALSE","FALSE","16.384","307.200","0","","C:\WINDOWS\system32\drivers\xboxgip.sys","8.192"
"xinputhid","Stuurprogramma voor XINPUT HID-filter","Stuurprogramma voor XINPUT HID-filter","Kernel ","Manual","Stopped","OK","FALSE","FALSE","8.192","73.728","0","","C:\WINDOWS\system32\drivers\xinputhid.sys","4.096"
"ZTDNS","ZTDNS","ZTDNS","Kernel ","Manual","Stopped","OK","FALSE","FALSE","12.288","40.960","0","","C:\WINDOWS\system32\drivers\ztdns.sys","4.096"
"IOMap","IOMap","IOMap","Kernel ","Disabled","Running","OK","TRUE","FALSE","8.192","16.384","0","2-12-2024 09:42:15","\??\C:\WINDOWS\system32\drivers\IOMap64.sys","4.096"
"rtucx21x64","Realtek USB FE/1GbE/2.5GbE/5GbE NIC Family NetAdapterCx 2.2 64-bits stuurprogramma","Realtek USB FE/1GbE/2.5GbE/5GbE NIC Family NetAdapterCx 2.2 64-bits stuurprogramma","Kernel ","Manual","Running","OK","TRUE","FALSE","40.960","1.228.800","0","15-2-2022 04:06:33","C:\WINDOWS\system32\DriverStore\FileRepository\rtucx21x64.inf_amd64_286645bc82b2f9fb\rtucx21x64.sys","8.192"
